Source;Target;Weight
2;1840s;24
3;1840s;22
4;1840s;10
5;1840s;11
6;1840s;15
7;1840s;4
8;1840s;3
9;1840s;2
10;1840s;1
11;1840s;2
12;1840s;1
13;1840s;1
14;1840s;8
15;1840s;3
16;1840s;38
17;1840s;12
18;1840s;1
19;1840s;10
20;1840s;2
21;1840s;1
22;1840s;2
23;1840s;2
24;1840s;2
25;1840s;2
26;1840s;4
27;1840s;2
28;1840s;1
29;1840s;2
30;1840s;1
31;1840s;4
32;1840s;1
33;1840s;1
34;1840s;1
35;1840s;2
36;1840s;2
37;1840s;1
38;1840s;2
39;1840s;2
40;1840s;1
41;1840s;1
42;1840s;1
43;1840s;1
44;1840s;1
45;1840s;1
46;1840s;2
47;1840s;1
48;1840s;1
49;1840s;1
50;1840s;1
51;1840s;1
52;1840s;1
53;1840s;1
54;1840s;1
47;1850s;8
34;1850s;1
56;1850s;1
57;1850s;3
14;1850s;4
58;1850s;10
29;1850s;4
59;1850s;2
16;1850s;41
60;1850s;2
2;1850s;32
4;1850s;3
15;1850s;3
6;1850s;19
61;1850s;1
62;1850s;1
63;1850s;5
64;1850s;6
33;1850s;1
35;1850s;2
3;1850s;21
25;1850s;3
20;1850s;2
65;1850s;1
17;1850s;14
8;1850s;3
66;1850s;1
27;1850s;2
67;1850s;2
54;1850s;1
19;1850s;5
68;1850s;1
69;1850s;1
70;1850s;3
71;1850s;1
22;1850s;1
72;1850s;1
51;1850s;10
73;1850s;1
74;1850s;1
75;1850s;2
38;1850s;2
23;1850s;2
24;1850s;3
76;1850s;1
77;1850s;1
40;1850s;9
78;1850s;1
79;1850s;1
26;1850s;4
31;1850s;1
80;1850s;4
81;1850s;1
5;1850s;2
82;1850s;2
83;1850s;7
84;1850s;4
85;1850s;1
86;1850s;1
30;1850s;3
39;1850s;3
41;1850s;2
87;1850s;1
88;1850s;1
89;1850s;3
10;1850s;2
90;1850s;1
91;1850s;1
92;1850s;1
93;1850s;1
94;1850s;1
95;1850s;1
96;1850s;1
42;1850s;1
46;1850s;3
97;1850s;1
98;1850s;1
99;1850s;1
100;1850s;3
101;1850s;1
102;1850s;1
103;1850s;1
104;1850s;1
45;1850s;1
105;1850s;1
106;1850s;1
51;1860s;23
26;1860s;3
16;1860s;39
23;1860s;5
83;1860s;16
2;1860s;52
100;1860s;21
108;1860s;2
3;1860s;17
28;1860s;1
82;1860s;2
15;1860s;5
58;1860s;8
80;1860s;4
6;1860s;26
109;1860s;1
110;1860s;1
111;1860s;1
38;1860s;16
112;1860s;1
113;1860s;1
76;1860s;5
31;1860s;2
114;1860s;1
115;1860s;2
116;1860s;1
117;1860s;1
8;1860s;3
19;1860s;4
5;1860s;5
39;1860s;1
41;1860s;4
118;1860s;3
119;1860s;1
30;1860s;1
120;1860s;2
40;1860s;9
10;1860s;1
89;1860s;1
121;1860s;1
122;1860s;1
87;1860s;2
123;1860s;1
24;1860s;1
124;1860s;2
59;1860s;1
42;1860s;2
47;1860s;5
125;1860s;4
99;1860s;1
126;1860s;1
35;1860s;2
127;1860s;1
32;1860s;1
128;1860s;1
72;1860s;1
129;1860s;1
130;1860s;1
131;1860s;1
132;1860s;1
133;1860s;1
4;1860s;1
93;1860s;2
67;1860s;1
134;1860s;2
135;1860s;1
85;1860s;3
136;1860s;1
137;1860s;2
138;1860s;1
139;1860s;1
140;1860s;1
141;1860s;1
29;1860s;1
142;1860s;2
17;1860s;2
143;1860s;1
144;1860s;1
145;1860s;1
146;1860s;3
147;1860s;1
148;1860s;1
149;1860s;1
2;1870s;79
6;1870s;22
100;1870s;26
58;1870s;12
26;1870s;2
83;1870s;34
99;1870s;14
29;1870s;6
25;1870s;2
16;1870s;23
151;1870s;1
149;1870s;8
46;1870s;2
51;1870s;33
137;1870s;5
5;1870s;4
152;1870s;3
47;1870s;3
3;1870s;13
153;1870s;1
38;1870s;16
19;1870s;2
15;1870s;12
148;1870s;13
142;1870s;2
154;1870s;1
134;1870s;1
85;1870s;4
155;1870s;1
156;1870s;1
94;1870s;1
125;1870s;14
157;1870s;1
40;1870s;18
42;1870s;2
158;1870s;1
159;1870s;1
17;1870s;6
8;1870s;1
89;1870s;1
41;1870s;1
160;1870s;1
161;1870s;1
21;1870s;2
162;1870s;1
163;1870s;1
164;1870s;1
122;1870s;4
39;1870s;2
165;1870s;1
166;1870s;1
23;1870s;2
167;1870s;5
168;1870s;1
69;1870s;1
169;1870s;1
170;1870s;3
171;1870s;2
172;1870s;1
76;1870s;8
141;1870s;3
173;1870s;1
92;1870s;1
30;1870s;1
174;1870s;1
175;1870s;1
176;1870s;3
177;1870s;1
178;1870s;1
179;1870s;3
180;1870s;1
181;1870s;1
182;1870s;1
183;1870s;1
124;1870s;1
184;1870s;2
185;1870s;1
186;1870s;1
187;1870s;1
188;1870s;2
189;1870s;1
190;1870s;1
191;1870s;1
192;1870s;1
193;1870s;1
2;1880s;100
76;1880s;19
122;1880s;23
3;1880s;19
100;1880s;33
89;1880s;3
83;1880s;72
38;1880s;33
58;1880s;37
142;1880s;8
172;1880s;1
125;1880s;22
6;1880s;28
29;1880s;2
51;1880s;41
16;1880s;18
40;1880s;13
195;1880s;1
170;1880s;10
196;1880s;2
174;1880s;1
99;1880s;33
60;1880s;1
26;1880s;2
163;1880s;12
197;1880s;1
198;1880s;1
134;1880s;1
8;1880s;2
199;1880s;1
200;1880s;1
85;1880s;12
39;1880s;2
167;1880s;12
176;1880s;7
15;1880s;10
17;1880s;7
201;1880s;1
149;1880s;6
202;1880s;2
203;1880s;3
148;1880s;10
141;1880s;3
204;1880s;1
193;1880s;10
205;1880s;1
190;1880s;2
137;1880s;3
171;1880s;2
206;1880s;2
207;1880s;2
208;1880s;1
47;1880s;1
209;1880s;1
210;1880s;1
211;1880s;2
212;1880s;1
213;1880s;3
214;1880s;1
215;1880s;2
216;1880s;4
23;1880s;1
217;1880s;1
218;1880s;2
219;1880s;2
128;1880s;1
182;1880s;1
220;1880s;5
221;1880s;1
222;1880s;1
223;1880s;1
162;1880s;1
224;1880s;4
225;1880s;1
164;1880s;2
226;1880s;1
64;1880s;1
227;1880s;1
228;1880s;1
187;1880s;1
229;1880s;1
191;1880s;1
33;1880s;1
152;1880s;1
230;1880s;1
24;1880s;1
231;1880s;1
233;1890s;3
2;1890s;79
51;1890s;42
24;1890s;1
149;1890s;15
58;1890s;43
100;1890s;26
6;1890s;23
17;1890s;3
193;1890s;31
125;1890s;35
234;1890s;1
47;1890s;2
76;1890s;25
170;1890s;27
83;1890s;178
99;1890s;28
235;1890s;2
122;1890s;24
38;1890s;19
40;1890s;27
236;1890s;1
237;1890s;1
238;1890s;2
187;1890s;6
239;1890s;1
167;1890s;55
141;1890s;1
3;1890s;20
16;1890s;22
31;1890s;8
213;1890s;8
240;1890s;1
163;1890s;3
241;1890s;4
85;1890s;8
242;1890s;3
29;1890s;6
215;1890s;3
142;1890s;9
15;1890s;10
243;1890s;1
182;1890s;2
214;1890s;4
148;1890s;4
244;1890s;1
4;1890s;3
5;1890s;3
7;1890s;1
176;1890s;8
245;1890s;1
246;1890s;1
247;1890s;4
220;1890s;8
248;1890s;1
162;1890s;1
249;1890s;1
228;1890s;2
69;1890s;1
250;1890s;2
251;1890s;1
211;1890s;3
179;1890s;1
128;1890s;9
218;1890s;1
152;1890s;1
252;1890s;2
253;1890s;2
254;1890s;1
255;1890s;1
224;1890s;1
256;1890s;6
257;1890s;2
206;1890s;3
258;1890s;1
32;1890s;1
259;1890s;3
207;1890s;2
260;1890s;1
168;1890s;1
92;1890s;1
261;1890s;1
175;1890s;2
262;1890s;1
263;1890s;1
264;1890s;1
265;1890s;1
266;1890s;1
210;1890s;2
77;1890s;1
191;1890s;10
267;1890s;1
268;1890s;1
269;1890s;1
270;1890s;1
39;1890s;4
271;1890s;3
174;1890s;3
272;1890s;1
273;1890s;1
23;1890s;2
274;1890s;1
275;1890s;2
276;1890s;1
277;1890s;1
278;1890s;1
105;1890s;1
279;1890s;1
67;1890s;1
280;1890s;1
281;1890s;3
282;1890s;1
283;1890s;1
284;1890s;1
285;1890s;1
286;1890s;1
287;1890s;1
288;1890s;1
45;1890s;2
64;1890s;3
289;1890s;3
290;1890s;1
291;1890s;1
292;1890s;1
293;1890s;1
42;1890s;1
294;1890s;1
295;1890s;1
296;1890s;1
297;1890s;1
101;1890s;1
298;1890s;1
299;1890s;1
300;1890s;1
122;1900s;50
125;1900s;75
167;1900s;177
302;1900s;4
16;1900s;82
264;1900s;17
176;1900s;40
31;1900s;28
303;1900s;2
83;1900s;416
2;1900s;236
142;1900s;15
214;1900s;50
208;1900s;3
3;1900s;41
286;1900s;2
100;1900s;74
293;1900s;3
254;1900s;8
76;1900s;26
304;1900s;13
38;1900s;79
256;1900s;9
51;1900s;57
85;1900s;61
58;1900s;50
305;1900s;2
257;1900s;3
193;1900s;46
6;1900s;57
306;1900s;1
15;1900s;25
227;1900s;5
174;1900s;13
40;1900s;41
288;1900s;9
236;1900s;10
148;1900s;16
307;1900s;17
217;1900s;9
149;1900s;24
128;1900s;36
271;1900s;4
281;1900s;52
213;1900s;15
206;1900s;17
23;1900s;14
308;1900s;17
191;1900s;29
170;1900s;83
309;1900s;4
21;1900s;5
310;1900s;17
96;1900s;6
5;1900s;15
311;1900s;14
312;1900s;10
39;1900s;9
313;1900s;6
314;1900s;6
105;1900s;6
233;1900s;24
19;1900s;6
315;1900s;1
316;1900s;5
317;1900s;4
318;1900s;3
228;1900s;15
319;1900s;8
132;1900s;5
320;1900s;5
247;1900s;8
321;1900s;3
322;1900s;4
180;1900s;2
323;1900s;2
173;1900s;2
273;1900s;3
224;1900s;7
324;1900s;3
64;1900s;2
325;1900s;9
326;1900s;2
327;1900s;3
328;1900s;5
220;1900s;20
163;1900s;6
26;1900s;5
329;1900s;2
330;1900s;1
242;1900s;4
99;1900s;25
331;1900s;16
141;1900s;2
332;1900s;9
269;1900s;6
155;1900s;1
333;1900s;7
334;1900s;1
335;1900s;1
162;1900s;5
336;1900s;3
337;1900s;3
285;1900s;9
338;1900s;1
339;1900s;2
182;1900s;2
340;1900s;1
24;1900s;3
341;1900s;4
342;1900s;2
343;1900s;3
279;1900s;3
344;1900s;5
345;1900s;1
120;1900s;1
346;1900s;2
261;1900s;2
347;1900s;2
299;1900s;1
292;1900s;1
234;1900s;1
348;1900s;2
237;1900s;1
349;1900s;1
287;1900s;6
350;1900s;2
260;1900s;1
351;1900s;1
352;1900s;2
353;1900s;1
354;1900s;1
207;1900s;1
252;1900s;2
212;1900s;1
355;1900s;4
356;1900s;1
300;1900s;1
357;1900s;3
358;1900s;3
359;1900s;8
360;1900s;4
199;1900s;9
272;1900s;1
361;1900s;1
362;1900s;1
363;1900s;4
364;1900s;2
365;1900s;1
195;1900s;1
366;1900s;2
250;1900s;1
211;1900s;3
290;1900s;3
367;1900s;2
368;1900s;29
369;1900s;3
177;1900s;3
370;1900s;1
29;1900s;3
136;1900s;3
371;1900s;1
372;1900s;9
373;1900s;1
374;1900s;1
375;1900s;1
69;1900s;3
376;1900s;1
178;1900s;1
377;1900s;1
378;1900s;4
379;1900s;2
380;1900s;1
381;1900s;2
382;1900s;1
383;1900s;1
384;1900s;2
385;1900s;1
386;1900s;1
387;1900s;1
388;1900s;1
203;1900s;1
175;1900s;2
389;1900s;1
225;1900s;2
390;1900s;1
391;1900s;1
392;1900s;1
393;1900s;1
394;1900s;1
395;1900s;1
396;1900s;10
397;1900s;1
398;1900s;1
399;1900s;1
400;1900s;1
401;1900s;1
402;1900s;1
403;1900s;1
404;1900s;1
405;1900s;1
406;1900s;2
407;1900s;1
408;1900s;2
168;1900s;2
409;1900s;1
410;1900s;1
411;1900s;2
412;1900s;1
413;1900s;1
414;1900s;1
415;1900s;1
416;1900s;1
262;1900s;1
417;1900s;1
418;1900s;1
419;1900s;2
241;1900s;2
420;1900s;1
421;1900s;1
422;1900s;1
204;1900s;1
423;1900s;1
424;1900s;1
425;1900s;1
426;1900s;1
219;1900s;1
2;1910s;408
122;1910s;219
125;1910s;123
58;1910s;142
6;1910s;128
214;1910s;153
149;1910s;57
85;1910s;84
83;1910s;1020
428;1910s;10
3;1910s;118
167;1910s;441
38;1910s;140
100;1910s;287
51;1910s;92
368;1910s;131
170;1910s;185
228;1910s;68
363;1910s;9
193;1910s;208
29;1910s;1
304;1910s;126
182;1910s;2
308;1910s;28
347;1910s;19
233;1910s;19
429;1910s;2
264;1910s;39
16;1910s;158
220;1910s;40
281;1910s;29
430;1910s;2
227;1910s;2
431;1910s;4
401;1910s;8
31;1910s;79
432;1910s;1
433;1910s;1
434;1910s;12
213;1910s;53
191;1910s;71
290;1910s;28
435;1910s;3
436;1910s;1
437;1910s;3
426;1910s;2
410;1910s;49
319;1910s;58
257;1910s;16
370;1910s;5
262;1910s;22
211;1910s;11
381;1910s;6
438;1910s;6
439;1910s;2
422;1910s;2
440;1910s;3
176;1910s;135
378;1910s;14
261;1910s;1
285;1910s;10
441;1910s;5
174;1910s;2
348;1910s;43
406;1910s;6
442;1910s;4
142;1910s;69
443;1910s;1
99;1910s;52
76;1910s;43
411;1910s;56
444;1910s;3
445;1910s;4
210;1910s;1
219;1910s;5
446;1910s;7
447;1910s;1
292;1910s;2
448;1910s;1
449;1910s;1
287;1910s;6
241;1910s;26
450;1910s;5
451;1910s;1
452;1910s;1
453;1910s;2
15;1910s;47
454;1910s;1
284;1910s;1
455;1910s;38
128;1910s;13
456;1910s;1
372;1910s;28
39;1910s;31
19;1910s;2
407;1910s;3
335;1910s;17
457;1910s;4
458;1910s;5
5;1910s;21
369;1910s;1
459;1910s;7
40;1910s;44
224;1910s;17
137;1910s;3
209;1910s;4
460;1910s;1
206;1910s;11
344;1910s;1
362;1910s;7
461;1910s;3
409;1910s;38
462;1910s;1
463;1910s;15
464;1910s;1
465;1910s;1
466;1910s;1
467;1910s;1
148;1910s;9
468;1910s;2
469;1910s;2
470;1910s;2
471;1910s;1
26;1910s;16
400;1910s;10
472;1910s;1
473;1910s;1
474;1910s;1
475;1910s;1
476;1910s;1
477;1910s;3
478;1910s;17
256;1910s;10
479;1910s;1
196;1910s;1
480;1910s;3
481;1910s;5
386;1910s;1
482;1910s;2
120;1910s;147
483;1910s;1
484;1910s;1
485;1910s;2
486;1910s;4
487;1910s;1
390;1910s;4
488;1910s;1
489;1910s;2
141;1910s;5
490;1910s;2
491;1910s;3
492;1910s;4
359;1910s;7
225;1910s;13
493;1910s;1
293;1910s;5
291;1910s;1
494;1910s;1
96;1910s;4
247;1910s;4
495;1910s;2
279;1910s;6
416;1910s;3
303;1910s;2
496;1910s;1
497;1910s;2
498;1910s;2
499;1910s;2
500;1910s;5
179;1910s;3
175;1910s;3
501;1910s;3
502;1910s;4
242;1910s;6
503;1910s;4
504;1910s;3
177;1910s;2
505;1910s;1
506;1910s;4
507;1910s;1
8;1910s;8
508;1910s;1
212;1910s;3
296;1910s;7
509;1910s;1
510;1910s;3
511;1910s;1
512;1910s;1
513;1910s;2
326;1910s;4
514;1910s;3
236;1910s;24
318;1910s;23
515;1910s;2
516;1910s;26
517;1910s;1
518;1910s;3
519;1910s;2
520;1910s;1
252;1910s;5
168;1910s;3
521;1910s;10
171;1910s;4
522;1910s;1
523;1910s;1
524;1910s;2
525;1910s;5
526;1910s;2
527;1910s;1
528;1910s;1
302;1910s;2
146;1910s;1
529;1910s;1
530;1910s;1
259;1910s;2
33;1910s;2
531;1910s;1
532;1910s;1
533;1910s;1
534;1910s;1
535;1910s;1
536;1910s;1
537;1910s;1
538;1910s;9
90;1910s;1
539;1910s;1
239;1910s;5
540;1910s;3
541;1910s;6
17;1910s;4
542;1910s;1
543;1910s;1
544;1910s;2
300;1910s;1
545;1910s;1
546;1910s;3
547;1910s;1
254;1910s;4
548;1910s;3
549;1910s;2
394;1910s;6
550;1910s;1
294;1910s;1
551;1910s;1
408;1910s;1
552;1910s;1
553;1910s;2
554;1910s;1
555;1910s;8
556;1910s;4
557;1910s;2
253;1910s;1
558;1910s;2
559;1910s;3
560;1910s;1
561;1910s;3
384;1910s;2
562;1910s;6
563;1910s;1
564;1910s;4
565;1910s;2
414;1910s;3
412;1910s;1
566;1910s;1
567;1910s;1
568;1910s;1
569;1910s;7
136;1910s;1
570;1910s;1
571;1910s;1
376;1910s;1
572;1910s;1
217;1910s;5
573;1910s;1
288;1910s;4
574;1910s;2
575;1910s;1
576;1910s;1
577;1910s;1
578;1910s;2
579;1910s;1
580;1910s;1
581;1910s;1
582;1910s;1
583;1910s;2
271;1910s;3
584;1910s;1
585;1910s;1
586;1910s;3
248;1910s;1
47;1910s;1
587;1910s;4
588;1910s;1
589;1910s;1
28;1910s;1
590;1910s;1
591;1910s;1
592;1910s;5
371;1910s;1
95;1910s;1
593;1910s;1
375;1910s;2
377;1910s;1
392;1910s;1
594;1910s;1
595;1910s;2
596;1910s;1
597;1910s;2
598;1910s;1
599;1910s;1
306;1910s;3
207;1910s;2
355;1910s;2
181;1910s;2
600;1910s;2
601;1910s;2
602;1910s;2
603;1910s;1
604;1910s;1
605;1910s;1
606;1910s;4
69;1910s;1
607;1910s;1
608;1910s;1
609;1910s;3
610;1910s;1
611;1910s;2
612;1910s;1
613;1910s;1
614;1910s;1
615;1910s;2
132;1910s;1
313;1910s;4
616;1910s;1
617;1910s;1
618;1910s;1
379;1910s;2
272;1910s;1
619;1910s;7
620;1910s;1
320;1910s;1
621;1910s;1
105;1910s;1
622;1910s;1
623;1910s;36
230;1910s;1
624;1910s;1
389;1910s;1
625;1910s;2
626;1910s;3
627;1910s;1
311;1910s;2
628;1910s;1
629;1910s;1
630;1910s;1
631;1910s;2
632;1910s;1
633;1910s;1
634;1910s;4
635;1910s;1
636;1910s;1
637;1910s;1
638;1910s;1
639;1910s;1
640;1910s;1
641;1910s;1
642;1910s;4
643;1910s;1
644;1910s;2
645;1910s;1
646;1910s;2
245;1910s;2
647;1910s;1
648;1910s;1
649;1910s;1
650;1910s;1
323;1910s;1
651;1910s;2
652;1910s;1
199;1910s;3
653;1910s;1
654;1910s;2
155;1910s;1
266;1910s;1
655;1910s;1
656;1910s;1
391;1910s;1
657;1910s;1
658;1910s;1
332;1910s;1
269;1910s;1
659;1910s;1
660;1910s;1
3;1920s;187
122;1920s;373
214;1920s;394
58;1920s;183
149;1920s;28
290;1920s;26
2;1920s;725
167;1920s;633
400;1920s;8
500;1920s;5
319;1920s;85
100;1920s;188
83;1920s;1319
170;1920s;104
662;1920s;7
125;1920s;210
348;1920s;71
228;1920s;54
623;1920s;63
168;1920s;13
85;1920s;55
76;1920s;66
15;1920s;86
51;1920s;85
606;1920s;14
586;1920s;10
6;1920s;243
341;1920s;1
220;1920s;23
206;1920s;12
39;1920s;38
663;1920s;1
409;1920s;92
233;1920s;18
471;1920s;1
411;1920s;52
142;1920s;22
193;1920s;112
16;1920s;232
378;1920s;15
285;1920s;37
664;1920s;7
538;1920s;9
304;1920s;163
631;1920s;32
17;1920s;1
517;1920s;6
665;1920s;2
303;1920s;5
264;1920s;23
666;1920s;21
363;1920s;20
347;1920s;106
38;1920s;209
393;1920s;15
5;1920s;62
667;1920s;9
191;1920s;58
279;1920s;33
148;1920s;3
625;1920s;8
368;1920s;179
478;1920s;6
370;1920s;5
616;1920s;4
29;1920s;22
350;1920s;6
633;1920s;67
438;1920s;7
335;1920s;4
224;1920s;11
555;1920s;5
668;1920s;1
31;1920s;110
175;1920s;23
518;1920s;150
669;1920s;1
579;1920s;1
670;1920s;2
47;1920s;3
176;1920s;69
213;1920s;18
262;1920s;8
516;1920s;26
503;1920s;6
225;1920s;11
671;1920s;1
281;1920s;121
672;1920s;1
410;1920s;37
626;1920s;1
673;1920s;7
674;1920s;11
544;1920s;5
257;1920s;43
381;1920s;13
646;1920s;5
241;1920s;4
634;1920s;5
592;1920s;33
40;1920s;25
312;1920s;4
26;1920s;7
375;1920s;2
675;1920s;1
609;1920s;2
676;1920s;1
120;1920s;21
463;1920s;1
321;1920s;3
256;1920s;31
48;1920s;1
320;1920s;2
384;1920s;2
99;1920s;6
677;1920s;1
553;1920s;8
458;1920s;28
217;1920s;4
678;1920s;1
434;1920s;6
128;1920s;12
679;1920s;12
680;1920s;1
681;1920s;2
519;1920s;3
682;1920s;1
683;1920s;1
501;1920s;1
556;1920s;2
684;1920s;16
391;1920s;1
491;1920s;9
431;1920s;2
254;1920s;5
548;1920s;1
481;1920s;5
685;1920s;1
21;1920s;1
569;1920s;4
242;1920s;6
359;1920s;29
428;1920s;15
605;1920s;5
455;1920s;18
401;1920s;13
686;1920s;21
687;1920s;1
366;1920s;3
688;1920s;1
689;1920s;6
690;1920s;2
23;1920s;3
136;1920s;2
204;1920s;1
691;1920s;2
181;1920s;1
692;1920s;1
416;1920s;10
693;1920s;1
259;1920s;1
694;1920s;1
398;1920s;49
227;1920s;4
695;1920s;18
696;1920s;5
697;1920s;1
698;1920s;1
699;1920s;1
700;1920s;3
492;1920s;2
701;1920s;5
289;1920s;2
236;1920s;13
702;1920s;2
318;1920s;62
96;1920s;11
703;1920s;1
704;1920s;2
705;1920s;1
174;1920s;2
563;1920s;18
706;1920s;2
707;1920s;1
708;1920s;6
266;1920s;2
19;1920s;3
308;1920s;29
709;1920s;13
179;1920s;15
271;1920s;1
468;1920s;1
710;1920s;2
711;1920s;2
369;1920s;1
712;1920s;1
248;1920s;1
713;1920s;1
714;1920s;2
326;1920s;2
314;1920s;1
715;1920s;3
716;1920s;2
717;1920s;2
718;1920s;2
472;1920s;1
389;1920s;4
719;1920s;1
657;1920s;17
155;1920s;1
720;1920s;5
721;1920s;3
722;1920s;1
723;1920s;2
177;1920s;4
724;1920s;5
656;1920s;8
619;1920s;5
725;1920s;1
269;1920s;4
726;1920s;6
354;1920s;1
584;1920s;5
238;1920s;2
727;1920s;4
614;1920s;2
362;1920s;3
728;1920s;2
440;1920s;4
729;1920s;1
730;1920s;1
731;1920s;1
732;1920s;1
490;1920s;1
733;1920s;1
494;1920s;1
734;1920s;1
603;1920s;1
735;1920s;2
736;1920s;1
737;1920s;15
630;1920s;4
293;1920s;4
446;1920s;1
738;1920s;1
739;1920s;2
643;1920s;2
212;1920s;1
740;1920s;1
741;1920s;8
742;1920s;12
598;1920s;7
408;1920s;4
743;1920s;1
744;1920s;3
745;1920s;1
504;1920s;1
746;1920s;1
747;1920s;1
748;1920s;3
599;1920s;8
209;1920s;2
749;1920s;1
750;1920s;3
751;1920s;1
406;1920s;25
502;1920s;3
752;1920s;1
621;1920s;1
753;1920s;1
754;1920s;3
652;1920s;1
219;1920s;10
521;1920s;3
755;1920s;26
442;1920s;1
756;1920s;3
757;1920s;1
758;1920s;1
759;1920s;3
760;1920s;2
627;1920s;1
761;1920s;3
762;1920s;1
247;1920s;3
506;1920s;14
345;1920s;1
763;1920s;1
764;1920s;1
765;1920s;1
132;1920s;1
766;1920s;1
767;1920s;18
768;1920s;3
769;1920s;1
426;1920s;3
546;1920s;5
770;1920s;1
771;1920s;1
772;1920s;3
437;1920s;5
332;1920s;3
773;1920s;1
774;1920s;1
775;1920s;1
199;1920s;2
313;1920s;1
355;1920s;2
635;1920s;1
776;1920s;1
105;1920s;2
459;1920s;1
777;1920s;13
81;1920s;1
396;1920s;1
617;1920s;1
121;1920s;1
778;1920s;1
7;1920s;1
779;1920s;2
306;1920s;1
780;1920s;5
781;1920s;6
782;1920s;15
394;1920s;1
371;1920s;2
783;1920s;1
784;1920s;2
785;1920s;1
439;1920s;6
786;1920s;2
787;1920s;1
788;1920s;2
789;1920s;1
790;1920s;1
791;1920s;6
792;1920s;1
793;1920s;1
794;1920s;1
795;1920s;1
796;1920s;1
797;1920s;1
798;1920s;1
799;1920s;1
800;1920s;2
801;1920s;1
249;1920s;1
802;1920s;5
235;1920s;1
803;1920s;3
642;1920s;1
804;1920s;3
805;1920s;1
208;1920s;1
372;1920s;3
806;1920s;1
414;1920s;1
587;1920s;1
807;1920s;2
808;1920s;3
809;1920s;1
278;1920s;4
810;1920s;1
811;1920s;2
812;1920s;1
813;1920s;1
480;1920s;2
814;1920s;7
595;1920s;1
815;1920s;1
816;1920s;1
817;1920s;1
818;1920s;1
252;1920s;2
819;1920s;1
820;1920s;1
821;1920s;1
69;1920s;1
822;1920s;2
240;1920s;1
823;1920s;1
292;1920s;1
824;1920s;12
825;1920s;1
826;1920s;1
827;1920s;1
828;1920s;1
639;1920s;1
829;1920s;3
830;1920s;1
831;1920s;1
832;1920s;1
833;1920s;2
834;1920s;2
835;1920s;1
836;1920s;1
837;1920s;1
838;1920s;2
839;1920s;1
840;1920s;3
163;1920s;3
360;1920s;1
841;1920s;2
298;1920s;2
422;1920s;3
842;1920s;1
843;1920s;1
844;1920s;6
845;1920s;1
846;1920s;3
847;1920s;1
848;1920s;1
849;1920s;1
850;1920s;1
851;1920s;3
852;1920s;1
853;1920s;6
854;1920s;2
855;1920s;1
856;1920s;1
857;1920s;1
397;1920s;2
858;1920s;4
859;1920s;1
860;1920s;2
861;1920s;3
862;1920s;1
863;1920s;1
864;1920s;1
865;1920s;1
866;1920s;1
867;1920s;1
868;1920s;1
585;1920s;1
869;1920s;3
870;1920s;1
495;1920s;2
618;1920s;1
871;1920s;2
872;1920s;1
873;1920s;1
874;1920s;2
875;1920s;2
876;1920s;1
877;1920s;2
878;1920s;2
879;1920s;1
880;1920s;1
881;1920s;1
882;1920s;1
883;1920s;1
3;1930s;142
6;1930s;278
2;1930s;467
214;1930s;154
167;1930s;265
149;1930s;23
677;1930s;4
193;1930s;69
58;1930s;161
781;1930s;7
885;1930s;7
886;1930s;2
51;1930s;80
122;1930s;309
887;1930s;5
257;1930s;21
38;1930s;126
125;1930s;195
434;1930s;15
741;1930s;2
398;1930s;30
689;1930s;5
15;1930s;85
875;1930s;48
83;1930s;679
788;1930s;3
269;1930s;5
366;1930s;6
31;1930s;162
760;1930s;5
519;1930s;5
888;1930s;1
633;1930s;52
735;1930s;3
303;1930s;40
100;1930s;59
29;1930s;9
16;1930s;124
85;1930s;30
632;1930s;1
401;1930s;4
359;1930s;21
833;1930s;11
318;1930s;43
319;1930s;70
368;1930s;161
348;1930s;121
518;1930s;130
889;1930s;2
168;1930s;10
225;1930s;7
459;1930s;7
824;1930s;10
259;1930s;2
76;1930s;78
623;1930s;11
517;1930s;9
890;1930s;2
442;1930s;2
242;1930s;4
40;1930s;48
891;1930s;1
656;1930s;3
439;1930s;7
148;1930s;1
378;1930s;12
175;1930s;24
5;1930s;72
428;1930s;35
666;1930s;23
264;1930s;54
892;1930s;6
646;1930s;13
39;1930s;39
674;1930s;7
871;1930s;10
285;1930s;17
808;1930s;3
170;1930s;57
755;1930s;12
256;1930s;13
281;1930s;124
304;1930s;107
631;1930s;5
381;1930s;10
606;1930s;12
409;1930s;103
228;1930s;51
814;1930s;7
219;1930s;19
893;1930s;20
767;1930s;4
695;1930s;2
120;1930s;19
657;1930s;21
308;1930s;15
191;1930s;51
410;1930s;28
279;1930s;52
858;1930s;5
894;1930s;2
673;1930s;11
592;1930s;6
363;1930s;18
553;1930s;8
347;1930s;15
895;1930s;9
737;1930s;58
686;1930s;29
563;1930s;21
782;1930s;87
896;1930s;3
709;1930s;1
262;1930s;9
233;1930s;4
897;1930s;1
898;1930s;1
899;1930s;1
684;1930s;13
494;1930s;1
861;1930s;3
393;1930s;8
759;1930s;18
391;1930s;8
729;1930s;5
662;1930s;2
882;1930s;1
725;1930s;2
176;1930s;24
900;1930s;5
598;1930s;3
408;1930s;2
467;1930s;1
706;1930s;2
220;1930s;28
506;1930s;1
293;1930s;1
862;1930s;3
779;1930s;11
458;1930s;7
411;1930s;26
544;1930s;6
742;1930s;3
901;1930s;4
750;1930s;4
866;1930s;1
860;1930s;8
179;1930s;10
206;1930s;10
902;1930s;1
903;1930s;2
783;1930s;11
429;1930s;2
96;1930s;9
236;1930s;8
313;1930s;4
803;1930s;3
667;1930s;5
516;1930s;14
552;1930s;2
99;1930s;5
904;1930s;1
905;1930s;3
906;1930s;1
907;1930s;1
545;1930s;1
908;1930s;7
909;1930s;2
784;1930s;3
422;1930s;3
440;1930s;1
910;1930s;2
471;1930s;1
911;1930s;2
48;1930s;4
912;1930s;2
913;1930s;3
584;1930s;18
914;1930s;2
915;1930s;2
455;1930s;3
278;1930s;1
916;1930s;1
426;1930s;2
917;1930s;1
634;1930s;5
918;1930s;1
919;1930s;1
920;1930s;3
625;1930s;1
839;1930s;4
721;1930s;1
290;1930s;2
569;1930s;2
921;1930s;3
311;1930s;1
922;1930s;1
586;1930s;1
856;1930s;2
923;1930s;1
924;1930s;1
394;1930s;4
925;1930s;1
926;1930s;1
927;1930s;3
928;1930s;2
929;1930s;1
930;1930s;1
931;1930s;1
727;1930s;3
932;1930s;1
933;1930s;1
128;1930s;7
271;1930s;2
320;1930s;3
8;1930s;1
934;1930s;2
463;1930s;1
732;1930s;1
935;1930s;1
335;1930s;4
810;1930s;5
208;1930s;1
936;1930s;3
556;1930s;2
724;1930s;2
372;1930s;22
370;1930s;9
326;1930s;3
713;1930s;4
937;1930s;2
446;1930s;2
717;1930s;1
869;1930s;1
618;1930s;1
938;1930s;3
939;1930s;3
940;1930s;1
503;1930s;2
69;1930s;8
296;1930s;1
941;1930s;1
942;1930s;1
943;1930s;2
944;1930s;8
945;1930s;1
665;1930s;7
538;1930s;3
616;1930s;3
793;1930s;7
491;1930s;5
946;1930s;3
947;1930s;1
948;1930s;2
949;1930s;2
950;1930s;2
809;1930s;3
951;1930s;1
952;1930s;2
953;1930s;1
954;1930s;10
881;1930s;1
822;1930s;1
955;1930s;2
177;1930s;8
199;1930s;12
249;1930s;2
956;1930s;1
957;1930s;2
247;1930s;2
142;1930s;7
958;1930s;3
959;1930s;1
960;1930s;4
365;1930s;1
202;1930s;1
961;1930s;1
962;1930s;1
963;1930s;1
964;1930s;1
965;1930s;1
874;1930s;2
966;1930s;41
635;1930s;24
967;1930s;3
968;1930s;1
501;1930s;1
680;1930s;1
969;1930s;1
970;1930s;1
726;1930s;3
181;1930s;3
642;1930s;3
802;1930s;4
971;1930s;4
972;1930s;2
973;1930s;1
974;1930s;1
975;1930s;1
976;1930s;2
977;1930s;2
978;1930s;1
979;1930s;2
980;1930s;2
981;1930s;1
982;1930s;4
983;1930s;1
323;1930s;2
984;1930s;1
985;1930s;1
23;1930s;4
986;1930s;2
987;1930s;3
155;1930s;1
988;1930s;4
645;1930s;2
477;1930s;2
989;1930s;1
990;1930s;2
991;1930s;2
514;1930s;1
992;1930s;1
33;1930s;1
993;1930s;3
863;1930s;6
237;1930s;1
804;1930s;3
994;1930s;3
995;1930s;2
996;1930s;1
997;1930s;2
998;1930s;1
599;1930s;3
999;1930s;1
1000;1930s;3
1001;1930s;1
1002;1930s;2
1003;1930s;1
648;1930s;1
842;1930s;1
1004;1930s;1
744;1930s;1
555;1930s;2
1005;1930s;2
325;1930s;1
1006;1930s;1
679;1930s;1
805;1930s;2
761;1930s;3
1007;1930s;6
19;1930s;3
1008;1930s;1
654;1930s;1
1009;1930s;1
298;1930s;3
105;1930s;2
1010;1930s;1
711;1930s;2
406;1930s;1
1011;1930s;3
373;1930s;1
1012;1930s;1
1013;1930s;1
1014;1930s;1
1015;1930s;1
1016;1930s;3
1017;1930s;1
639;1930s;1
1018;1930s;2
438;1930s;5
610;1930s;3
1019;1930s;4
780;1930s;4
437;1930s;4
400;1930s;6
1020;1930s;1
1021;1930s;1
1022;1930s;1
292;1930s;1
1023;1930s;1
1024;1930s;1
1025;1930s;1
548;1930s;4
1026;1930s;1
770;1930s;1
521;1930s;1
1027;1930s;2
1028;1930s;2
1029;1930s;3
1030;1930s;2
486;1930s;1
1031;1930s;1
754;1930s;3
1032;1930s;1
867;1930s;1
224;1930s;5
1033;1930s;1
1034;1930s;4
1035;1930s;1
1036;1930s;1
1037;1930s;1
1038;1930s;3
664;1930s;1
1039;1930s;2
1040;1930s;1
1041;1930s;1
1042;1930s;1
1043;1930s;1
1044;1930s;3
1045;1930s;1
282;1930s;2
211;1930s;2
1046;1930s;1
217;1930s;2
384;1930s;1
1047;1930s;1
213;1930s;1
1048;1930s;1
1049;1930s;2
1050;1930s;1
1051;1930s;1
1052;1930s;1
1053;1930s;4
1054;1930s;4
1055;1930s;2
1056;1930s;1
1057;1930s;1
627;1930s;1
1058;1930s;1
1059;1930s;1
252;1930s;2
1060;1930s;1
529;1930s;1
1061;1930s;1
1062;1930s;1
174;1930s;1
460;1930s;1
1063;1930s;1
1064;1930s;2
1065;1930s;1
1066;1930s;7
1067;1930s;2
1068;1930s;1
241;1930s;1
747;1930s;1
1069;1930s;1
1070;1930s;1
1071;1930s;3
201;1930s;2
1072;1930s;3
1073;1930s;1
1074;1930s;2
1075;1930s;2
495;1930s;1
873;1930s;1
1076;1930s;1
1077;1930s;1
1078;1930s;1
872;1930s;1
273;1930s;1
385;1930s;1
1079;1930s;1
838;1930s;1
1080;1930s;1
1081;1930s;1
266;1930s;3
1082;1930s;1
1083;1930s;1
1084;1930s;1
1085;1930s;3
785;1930s;1
1086;1930s;3
749;1930s;1
1087;1930s;1
1088;1930s;1
605;1930s;1
1089;1930s;1
1090;1930s;1
1091;1930s;1
1092;1930s;1
1093;1930s;1
1094;1930s;1
1095;1930s;1
845;1930s;2
1096;1930s;1
1097;1930s;1
1098;1930s;1
1099;1930s;1
1100;1930s;1
26;1930s;1
1101;1930s;4
2;1940s;480
264;1940s;22
348;1940s;92
303;1940s;13
191;1940s;77
122;1940s;330
3;1940s;101
193;1940s;105
1103;1940s;1
555;1940s;2
428;1940s;27
167;1940s;465
6;1940s;259
254;1940s;1
125;1940s;193
409;1940s;125
257;1940s;7
170;1940s;61
410;1940s;23
910;1940s;4
398;1940s;10
725;1940s;6
411;1940s;67
58;1940s;101
304;1940s;66
83;1940s;433
370;1940s;15
875;1940s;30
936;1940s;3
689;1940s;7
259;1940s;3
76;1940s;65
368;1940s;131
16;1940s;164
1104;1940s;2
176;1940s;41
895;1940s;2
15;1940s;68
814;1940s;6
516;1940s;6
686;1940s;81
31;1940s;142
684;1940s;5
458;1940s;14
1083;1940s;1
281;1940s;155
214;1940s;128
1105;1940s;1
1106;1940s;2
631;1940s;2
871;1940s;4
1107;1940s;2
100;1940s;58
455;1940s;5
1108;1940s;1
363;1940s;44
517;1940s;11
85;1940s;13
744;1940s;1
667;1940s;1
359;1940s;8
635;1940s;29
219;1940s;16
38;1940s;131
605;1940s;2
51;1940s;79
228;1940s;41
468;1940s;4
606;1940s;19
394;1940s;6
1109;1940s;36
1082;1940s;14
406;1940s;39
1110;1940s;8
5;1940s;66
633;1940s;13
256;1940s;8
19;1940s;22
242;1940s;2
39;1940s;82
320;1940s;14
128;1940s;23
391;1940s;3
1111;1940s;2
434;1940s;13
241;1940s;5
1112;1940s;1
1052;1940s;5
809;1940s;8
666;1940s;27
1113;1940s;1
803;1940s;2
793;1940s;16
1042;1940s;35
1066;1940s;20
1114;1940s;1
390;1940s;1
808;1940s;4
982;1940s;2
1007;1940s;6
120;1940s;84
856;1940s;8
17;1940s;1
1075;1940s;9
326;1940s;6
240;1940s;1
805;1940s;6
400;1940s;13
319;1940s;44
459;1940s;19
610;1940s;2
208;1940s;3
378;1940s;6
599;1940s;4
872;1940s;1
1115;1940s;5
220;1940s;64
1016;1940s;1
1086;1940s;4
893;1940s;83
40;1940s;108
737;1940s;34
761;1940s;58
318;1940s;54
646;1940s;10
927;1940s;14
1088;1940s;3
574;1940s;5
782;1940s;159
905;1940s;31
858;1940s;1
938;1940s;8
1116;1940s;5
279;1940s;32
518;1940s;90
657;1940s;18
347;1940s;4
1117;1940s;17
1118;1940s;1
645;1940s;2
742;1940s;6
1119;1940s;1
966;1940s;14
1120;1940s;2
1121;1940s;2
1122;1940s;1
930;1940s;2
1123;1940s;1
1124;1940s;1
1125;1940s;1
1126;1940s;1
1051;1940s;1
207;1940s;1
69;1940s;17
175;1940s;31
393;1940s;5
623;1940s;6
781;1940s;16
142;1940s;11
552;1940s;1
584;1940s;4
149;1940s;8
1127;1940s;3
909;1940s;2
1128;1940s;2
285;1940s;14
514;1940s;10
896;1940s;4
784;1940s;2
1074;1940s;28
308;1940s;26
1129;1940s;1
1130;1940s;3
1131;1940s;2
1099;1940s;7
601;1940s;1
1132;1940s;1
556;1940s;1
1133;1940s;2
293;1940s;6
1134;1940s;25
674;1940s;18
213;1940s;19
720;1940s;1
1047;1940s;8
804;1940s;27
422;1940s;5
944;1940s;2
863;1940s;5
217;1940s;10
1135;1940s;1
1136;1940s;1
1137;1940s;11
665;1940s;14
713;1940s;4
1138;1940s;1
1139;1940s;3
286;1940s;1
401;1940s;3
1140;1940s;3
642;1940s;3
96;1940s;9
1141;1940s;1
1142;1940s;1
796;1940s;1
833;1940s;16
1143;1940s;1
1144;1940s;2
313;1940s;33
181;1940s;3
994;1940s;2
1145;1940s;1
416;1940s;5
954;1940s;15
1146;1940s;1
1147;1940s;1
298;1940s;3
673;1940s;3
1148;1940s;72
1149;1940s;1
491;1940s;3
1150;1940s;1
1151;1940s;1
408;1940s;1
616;1940s;4
177;1940s;7
1152;1940s;1
1067;1940s;8
1153;1940s;1
1154;1940s;1
1155;1940s;1
236;1940s;3
1011;1940s;6
262;1940s;4
1003;1940s;6
1156;1940s;1
563;1940s;11
1017;1940s;2
335;1940s;32
538;1940s;13
1157;1940s;1
182;1940s;1
1158;1940s;1
598;1940s;5
230;1940s;2
1087;1940s;8
824;1940s;11
26;1940s;3
1159;1940s;1
788;1940s;6
1160;1940s;3
544;1940s;13
779;1940s;3
1161;1940s;1
1162;1940s;1
1163;1940s;1
1164;1940s;1
639;1940s;17
729;1940s;2
1165;1940s;1
553;1940s;2
892;1940s;3
1166;1940s;2
1031;1940s;1
471;1940s;1
1078;1940s;5
1167;1940s;7
1168;1940s;28
1169;1940s;3
1170;1940s;1
1171;1940s;1
1172;1940s;1
225;1940s;6
548;1940s;1
1173;1940s;1
949;1940s;1
939;1940s;1
1174;1940s;1
1175;1940s;9
906;1940s;2
1176;1940s;1
1044;1940s;25
1177;1940s;4
1178;1940s;7
1179;1940s;2
1180;1940s;1
1181;1940s;1
1182;1940s;1
1183;1940s;1
233;1940s;2
1184;1940s;1
1185;1940s;1
1186;1940s;1
1187;1940s;4
1188;1940s;1
1189;1940s;1
1190;1940s;2
1191;1940s;1
908;1940s;1
1192;1940s;1
1193;1940s;1
1194;1940s;1
1195;1940s;1
29;1940s;6
438;1940s;4
603;1940s;1
979;1940s;5
1196;1940s;2
900;1940s;3
365;1940s;2
890;1940s;2
1197;1940s;1
1198;1940s;1
446;1940s;1
431;1940s;4
860;1940s;1
1199;1940s;2
1200;1940s;3
500;1940s;3
441;1940s;1
750;1940s;3
1201;1940s;2
99;1940s;2
1202;1940s;4
1203;1940s;2
206;1940s;7
1204;1940s;1
1205;1940s;1
1206;1940s;1
1207;1940s;10
442;1940s;1
1208;1940s;1
1209;1940s;1
1210;1940s;1
105;1940s;1
862;1940s;2
269;1940s;5
1211;1940s;2
1212;1940s;6
98;1940s;1
1213;1940s;1
664;1940s;3
389;1940s;1
23;1940s;4
1214;1940s;2
1215;1940s;1
1216;1940s;1
362;1940s;3
1217;1940s;4
1218;1940s;1
1101;1940s;4
1219;1940s;2
894;1940s;1
1220;1940s;1
454;1940s;1
372;1940s;2
1221;1940s;1
1222;1940s;2
1223;1940s;1
271;1940s;15
921;1940s;2
912;1940s;5
1224;1940s;3
1089;1940s;3
1225;1940s;1
1226;1940s;2
1227;1940s;1
1228;1940s;2
1229;1940s;1
1230;1940s;1
963;1940s;3
1050;1940s;1
461;1940s;1
296;1940s;2
802;1940s;13
1231;1940s;1
1232;1940s;2
1233;1940s;1
1234;1940s;7
1235;1940s;5
1236;1940s;3
1237;1940s;1
381;1940s;2
174;1940s;3
1061;1940s;1
648;1940s;1
1238;1940s;95
1239;1940s;1
397;1940s;1
1240;1940s;2
1241;1940s;4
1242;1940s;1
1243;1940s;1
1244;1940s;2
1245;1940s;1
509;1940s;48
1246;1940s;7
1247;1940s;1
562;1940s;1
1248;1940s;1
1249;1940s;1
1250;1940s;1
1251;1940s;3
1252;1940s;4
1253;1940s;3
1254;1940s;3
1255;1940s;2
1256;1940s;1
887;1940s;1
275;1940s;1
630;1940s;1
1257;1940s;1
1053;1940s;1
321;1940s;3
179;1940s;1
1258;1940s;1
810;1940s;1
845;1940s;2
426;1940s;1
1033;1940s;1
1259;1940s;2
677;1940s;1
364;1940s;2
1260;1940s;1
1261;1940s;1
1262;1940s;4
1263;1940s;1
1264;1940s;2
1265;1940s;1
1266;1940s;1
224;1940s;33
569;1940s;8
557;1940s;1
1267;1940s;2
928;1940s;6
1019;1940s;3
1268;1940s;3
1269;1940s;3
1270;1940s;1
1271;1940s;1
1272;1940s;12
1273;1940s;1
1274;1940s;1
1275;1940s;1
1276;1940s;1
1277;1940s;1
1278;1940s;2
1279;1940s;5
1280;1940s;1
1281;1940s;1
311;1940s;1
1282;1940s;3
56;1940s;1
1283;1940s;2
1284;1940s;1
1285;1940s;1
1286;1940s;1
838;1940s;2
1287;1940s;1
1288;1940s;1
1289;1940s;1
1290;1940s;1
1291;1940s;3
1292;1940s;1
1293;1940s;2
1294;1940s;1
1295;1940s;1
1296;1940s;1
654;1940s;2
1297;1940s;1
1298;1940s;6
1299;1940s;1
1300;1940s;1
1301;1940s;1
1302;1940s;2
280;1940s;4
1303;1940s;4
1304;1940s;1
344;1940s;1
1305;1940s;1
1306;1940s;1
1307;1940s;1
1308;1940s;1
1309;1940s;1
64;1940s;1
1310;1940s;1
1311;1940s;1
558;1940s;2
1312;1940s;10
1313;1940s;1
1314;1940s;1
1315;1940s;1
1316;1940s;1
1317;1940s;1
141;1940s;1
1318;1940s;1
1319;1940s;1
1320;1940s;1
1321;1940s;1
1322;1940s;1
1323;1940s;1
780;1940s;9
1324;1940s;2
1325;1940s;1
1326;1940s;1
1327;1940s;1
1328;1940s;1
1064;1940s;2
914;1940s;1
48;1940s;7
1329;1940s;2
907;1940s;2
1073;1940s;2
1330;1940s;1
1331;1940s;3
1001;1940s;2
1008;1940s;1
1332;1940s;1
1333;1940s;1
1334;1940s;1
751;1940s;1
1335;1940s;1
1336;1940s;1
1337;1940s;1
1338;1940s;1
1339;1940s;2
1340;1940s;1
1341;1940s;1
1342;1940s;1
1343;1940s;1
1344;1940s;2
1345;1940s;1
755;1940s;10
1346;1940s;1
1347;1940s;2
976;1940s;1
302;1940s;1
1348;1940s;1
1349;1940s;1
777;1940s;1
1350;1940s;1
1351;1940s;1
587;1940s;1
1352;1940s;1
1353;1940s;1
1354;1940s;3
614;1940s;1
1355;1940s;1
1356;1940s;1
711;1940s;1
735;1940s;1
1357;1940s;3
366;1940s;1
1358;1940s;2
1359;1940s;1
1360;1940s;4
412;1940s;2
439;1940s;1
521;1940s;1
826;1940s;1
1361;1940s;1
1362;1940s;10
283;1940s;2
290;1940s;5
373;1940s;1
1363;1940s;1
1364;1940s;1
1365;1940s;1
190;1940s;1
1006;1940s;1
1366;1940s;2
1367;1940s;1
932;1940s;1
1368;1940s;1
1369;1940s;2
1370;1940s;2
1371;1940s;1
1372;1940s;1
341;1940s;1
741;1940s;1
168;1940s;9
745;1940s;2
941;1940s;1
1373;1940s;1
970;1940s;1
1374;1940s;1
1375;1940s;1
132;1940s;1
1376;1940s;1
1377;1940s;2
1378;1940s;4
1379;1940s;2
1380;1940s;2
1381;1940s;1
888;1940s;1
504;1940s;1
1382;1940s;2
1383;1940s;2
980;1940s;1
1384;1940s;2
1385;1940s;1
1386;1940s;1
1387;1940s;2
1388;1940s;1
1389;1940s;1
1390;1940s;2
1391;1940s;1
754;1940s;1
1392;1940s;2
787;1940s;1
953;1940s;1
1393;1940s;1
1394;1940s;1
1395;1940s;1
1396;1940s;1
1397;1940s;1
1398;1940s;3
956;1940s;1
943;1940s;2
490;1940s;1
604;1940s;1
266;1940s;1
948;1940s;37
8;1940s;1
1399;1940s;1
1400;1940s;1
1401;1940s;2
1402;1940s;1
1403;1940s;1
998;1940s;3
1404;1940s;1
1405;1940s;1
546;1940s;1
972;1940s;1
506;1940s;1
978;1940s;1
586;1940s;2
1406;1940s;1
885;1940s;1
1407;1940s;1
322;1940s;1
1408;1940s;2
1409;1940s;2
1072;1940s;1
1410;1940s;2
1411;1940s;1
1412;1940s;2
1413;1940s;1
967;1940s;1
1414;1940s;2
924;1940s;2
1415;1940s;1
1416;1940s;1
1417;1940s;1
1418;1940s;1
1419;1940s;1
1420;1940s;1
1421;1940s;1
83;1950s;178
686;1950s;142
335;1950s;75
132;1950s;3
16;1950s;162
737;1950s;94
228;1950s;21
167;1950s;322
39;1950s;178
3;1950s;85
125;1950s;110
2;1950s;469
38;1950s;195
220;1950s;63
214;1950s;137
623;1950s;2
122;1950s;297
191;1950s;98
31;1950s;97
514;1950s;71
69;1950s;11
6;1950s;297
1380;1950s;3
409;1950s;166
23;1950s;3
170;1950s;55
15;1950s;95
544;1950s;21
967;1950s;4
142;1950s;12
149;1950s;5
193;1950s;52
1103;1950s;1
51;1950s;80
804;1950s;17
5;1950s;99
910;1950s;2
912;1950s;3
1423;1950s;3
368;1950s;116
745;1950s;4
29;1950s;9
285;1950s;12
1134;1950s;11
176;1950s;14
954;1950s;80
348;1950s;40
1168;1950s;30
76;1950s;54
1066;1950s;19
431;1950s;3
434;1950s;6
1047;1950s;6
40;1950s;33
58;1950s;38
281;1950s;107
631;1950s;4
219;1950s;10
921;1950s;1
1042;1950s;34
856;1950s;2
293;1950s;3
256;1950s;8
1148;1950s;8
313;1950s;22
264;1950s;9
1069;1950s;6
665;1950s;1
814;1950s;2
584;1950s;5
639;1950s;47
410;1950s;19
518;1950s;100
411;1950s;91
807;1950s;19
761;1950s;87
319;1950s;46
1424;1950s;1
359;1950s;12
894;1950s;1
1067;1950s;2
788;1950s;3
662;1950s;4
606;1950s;10
1360;1950s;12
885;1950s;3
1425;1950s;1
1001;1950s;1
938;1950s;17
1366;1950s;1
303;1950s;6
783;1950s;4
1426;1950s;2
85;1950s;8
1427;1950s;1
26;1950s;3
459;1950s;14
290;1950s;4
905;1950s;77
224;1950s;6
782;1950s;191
1238;1950s;293
458;1950s;35
19;1950s;14
909;1950s;2
428;1950s;5
206;1950s;1
862;1950s;6
175;1950s;8
217;1950s;11
326;1950s;7
1250;1950s;1
1082;1950s;14
1175;1950s;35
1246;1950s;2
509;1950s;33
1167;1950s;16
304;1950s;37
128;1950s;6
1195;1950s;1
569;1950s;7
8;1950s;10
320;1950s;6
376;1950s;8
1074;1950s;18
266;1950s;39
1109;1950s;8
1177;1950s;4
1044;1950s;42
633;1950s;14
374;1950s;1
838;1950s;2
363;1950s;45
666;1950s;25
422;1950s;15
805;1950s;2
318;1950s;75
802;1950s;9
982;1950s;5
1428;1950s;2
1283;1950s;1
378;1950s;8
100;1950s;29
1429;1950s;2
1430;1950s;2
179;1950s;11
928;1950s;14
279;1950s;15
1200;1950s;2
1392;1950s;9
1140;1950s;2
860;1950s;2
426;1950s;1
1431;1950s;1
998;1950s;8
519;1950s;6
120;1950s;158
7;1950s;1
401;1950s;5
1432;1950s;2
1407;1950s;3
1139;1950s;1
1333;1950s;2
839;1950s;2
755;1950s;6
1414;1950s;3
1137;1950s;30
781;1950s;22
1433;1950s;2
1434;1950s;2
1408;1950s;1
673;1950s;2
1233;1950s;1
891;1950s;4
695;1950s;2
1435;1950s;3
1358;1950s;1
1436;1950s;1
979;1950s;5
958;1950s;1
824;1950s;22
99;1950s;2
1437;1950s;1
271;1950s;10
1438;1950s;1
1298;1950s;1
1439;1950s;1
1272;1950s;5
1332;1950s;2
236;1950s;8
1440;1950s;1
845;1950s;14
654;1950s;3
282;1950s;1
105;1950s;1
1331;1950s;1
406;1950s;23
321;1950s;4
1441;1950s;1
875;1950s;10
1442;1950s;1
1007;1950s;1
213;1950s;3
1078;1950s;1
1169;1950s;1
750;1950s;2
516;1950s;2
438;1950s;1
1443;1950s;1
893;1950s;56
991;1950s;1
1368;1950s;2
1444;1950s;1
517;1950s;8
646;1950s;4
199;1950s;2
674;1950s;2
966;1950s;19
400;1950s;10
366;1950s;1
1445;1950s;1
1315;1950s;7
1446;1950s;2
1117;1950s;8
1412;1950s;2
1447;1950s;1
756;1950s;1
1448;1950s;1
393;1950s;4
1449;1950s;3
1450;1950s;4
1451;1950s;1
370;1950s;11
394;1950s;3
1202;1950s;7
1452;1950s;12
377;1950s;1
1101;1950s;1
1401;1950s;6
308;1950s;20
1453;1950s;2
1454;1950s;8
657;1950s;11
1455;1950s;1
1456;1950s;34
1274;1950s;2
1182;1950s;5
900;1950s;9
1369;1950s;1
1457;1950s;1
391;1950s;3
975;1950s;1
1055;1950s;2
961;1950s;3
506;1950s;16
1279;1950s;5
471;1950s;2
257;1950s;9
1458;1950s;1
546;1950s;1
1402;1950s;6
1459;1950s;4
1460;1950s;2
767;1950s;1
563;1950s;3
963;1950s;1
1461;1950s;1
1357;1950s;1
833;1950s;1
398;1950s;1
1235;1950s;4
1462;1950s;2
1463;1950s;1
1464;1950s;4
1465;1950s;1
389;1950s;1
1466;1950s;1
1467;1950s;1
552;1950s;3
1468;1950s;1
56;1950s;1
1469;1950s;1
1470;1950s;1
1471;1950s;4
1099;1950s;4
713;1950s;1
1222;1950s;1
1020;1950s;1
987;1950s;1
1472;1950s;1
1073;1950s;3
780;1950s;1
1473;1950s;1
1110;1950s;3
751;1950s;2
1474;1950s;2
553;1950s;1
980;1950s;3
777;1950s;2
1475;1950s;54
962;1950s;1
1476;1950s;1
793;1950s;28
408;1950s;1
1477;1950s;1
725;1950s;3
810;1950s;2
1478;1950s;1
1479;1950s;1
1480;1950s;1
1481;1950s;1
1482;1950s;1
538;1950s;1
1207;1950s;28
598;1950s;1
741;1950s;1
1483;1950s;3
372;1950s;1
1484;1950s;2
209;1950s;1
742;1950s;1
616;1950s;1
380;1950s;1
1485;1950s;2
1486;1950s;1
1487;1950s;2
1488;1950s;4
1489;1950s;3
1303;1950s;3
1490;1950s;1
1491;1950s;1
1492;1950s;1
1493;1950s;1
1494;1950s;1
1269;1950s;1
269;1950s;1
1495;1950s;2
225;1950s;2
1496;1950s;1
1497;1950s;1
1498;1950s;2
1499;1950s;1
803;1950s;1
635;1950s;2
1500;1950s;1
1501;1950s;1
1224;1950s;8
1502;1950s;2
944;1950s;18
599;1950s;1
1354;1950s;1
1503;1950s;1
895;1950s;1
1504;1950s;5
1075;1950s;5
90;1950s;4
1505;1950s;1
1506;1950s;1
1507;1950s;1
1508;1950s;1
1509;1950s;1
1510;1950s;1
1199;1950s;1
1511;1950s;1
1512;1950s;1
1513;1950s;1
1514;1950s;1
548;1950s;1
797;1950s;1
1515;1950s;1
858;1950s;1
1516;1950s;1
936;1950s;4
1517;1950s;1
1057;1950s;1
1518;1950s;3
1519;1950s;3
1520;1950s;2
1521;1950s;3
1522;1950s;2
1523;1950s;2
1524;1950s;3
1525;1950s;2
1526;1950s;2
948;1950s;36
906;1950s;2
177;1950s;3
1527;1950s;1
1018;1950s;1
1528;1950s;4
1529;1950s;6
1359;1950s;1
1530;1950s;2
1531;1950s;27
1532;1950s;2
1533;1950s;1
495;1950s;3
168;1950s;2
298;1950s;1
262;1950s;3
1534;1950s;11
1535;1950s;1
1536;1950s;1
521;1950s;1
280;1950s;1
1537;1950s;1
1538;1950s;2
1539;1950s;1
1540;1950s;1
1541;1950s;1
604;1950s;1
96;1950s;2
1542;1950s;1
1543;1950s;2
1544;1950s;1
1545;1950s;1
1546;1950s;1
1194;1950s;1
1547;1950s;1
1548;1950s;1
1549;1950s;1
1550;1950s;2
765;1950s;1
1551;1950s;1
1552;1950s;1
645;1950s;1
1553;1950s;2
1554;1950s;1
932;1950s;1
1555;1950s;1
1556;1950s;2
1557;1950s;2
1558;1950s;1
1559;1950s;2
1560;1950s;2
1379;1950s;6
1410;1950s;2
491;1950s;2
1561;1950s;5
455;1950s;1
937;1950s;2
1089;1950s;3
1214;1950s;1
1562;1950s;1
1563;1950s;1
1564;1950s;2
939;1950s;1
1565;1950s;3
1566;1950s;2
1567;1950s;1
362;1950s;1
1568;1950s;1
1569;1950s;1
1570;1950s;3
1571;1950s;2
1270;1950s;1
1572;1950s;1
930;1950s;16
1573;1950s;2
1574;1950s;1
1575;1950s;1
729;1950s;1
1097;1950s;1
978;1950s;1
259;1950s;1
1576;1950s;1
1577;1950s;1
1578;1950s;1
1579;1950s;2
1580;1950s;2
1581;1950s;1
1582;1950s;2
1583;1950s;1
1584;1950s;1
994;1950s;2
684;1950s;5
1409;1950s;1
888;1950s;1
1585;1950s;1
1586;1950s;1
416;1950s;1
545;1950s;1
1587;1950s;1
1588;1950s;1
1589;1950s;1
1590;1950s;1
1591;1950s;1
1592;1950s;2
1593;1950s;2
1594;1950s;2
1405;1950s;1
1595;1950s;1
1243;1950s;1
1596;1950s;1
423;1950s;1
1597;1950s;1
1598;1950s;2
174;1950s;1
1599;1950s;1
433;1950s;1
311;1950s;1
1600;1950s;1
1072;1950s;1
1601;1950s;1
181;1950s;4
1602;1950s;1
1603;1950s;1
1150;1950s;1
1604;1950s;1
1605;1950s;1
1606;1950s;1
1607;1950s;1
1608;1950s;1
1609;1950s;1
1262;1950s;1
1610;1950s;1
1611;1950s;1
1612;1950s;1
1161;1950s;1
1613;1950s;1
38;1960s;140
2;1960s;250
793;1960s;28
409;1960s;115
1207;1960s;89
639;1960s;43
761;1960s;134
122;1960s;139
125;1960s;44
214;1960s;87
167;1960s;273
368;1960s;84
518;1960s;121
570;1960s;1
5;1960s;49
319;1960s;17
120;1960s;60
51;1960s;50
3;1960s;23
6;1960s;195
729;1960s;5
1074;1960s;41
954;1960s;30
83;1960s;79
1224;1960s;8
16;1960s;71
686;1960s;88
363;1960s;100
100;1960s;43
85;1960s;3
1615;1960s;1
193;1960s;57
1538;1960s;9
76;1960s;14
170;1960s;31
411;1960s;55
318;1960s;62
905;1960s;9
213;1960s;13
191;1960s;26
1315;1960s;2
1283;1960s;2
781;1960s;34
544;1960s;6
1379;1960s;10
376;1960s;5
1579;1960s;3
1528;1960s;2
406;1960s;14
1175;1960s;3
31;1960s;61
606;1960s;8
220;1960s;9
39;1960s;70
1616;1960s;1
1617;1960s;3
311;1960s;1
1618;1960s;1
1619;1960s;1
1620;1960s;1
1177;1960s;3
304;1960s;42
285;1960s;4
908;1960s;1
1621;1960s;1
1248;1960s;1
1622;1960s;1
308;1960s;5
1493;1960s;1
21;1960s;1
1148;1960s;32
1623;1960s;1
348;1960s;42
1042;1960s;8
887;1960s;2
217;1960s;5
401;1960s;1
281;1960s;93
15;1960s;59
737;1960s;30
584;1960s;8
657;1960s;11
1530;1960s;3
1624;1960s;1
1269;1960s;1
1419;1960s;4
1115;1960s;3
58;1960s;40
779;1960s;1
885;1960s;16
807;1960s;36
725;1960s;2
279;1960s;13
1238;1960s;122
782;1960s;248
1604;1960s;3
1117;1960s;5
40;1960s;19
1137;1960s;7
335;1960s;45
1075;1960s;25
1499;1960s;1
674;1960s;2
362;1960s;8
804;1960s;11
780;1960s;14
862;1960s;2
264;1960s;38
711;1960s;2
944;1960s;12
1327;1960s;15
1625;1960s;2
1406;1960s;2
175;1960s;22
1235;1960s;5
26;1960s;2
206;1960s;5
375;1960s;1
236;1960s;7
321;1960s;1
269;1960s;3
228;1960s;11
1590;1960s;2
1626;1960s;1
1368;1960s;2
1167;1960s;1
128;1960s;19
586;1960s;1
1401;1960s;4
631;1960s;2
69;1960s;7
938;1960s;6
142;1960s;7
893;1960s;48
517;1960s;8
1134;1960s;3
1047;1960s;4
400;1960s;9
1627;1960s;2
1362;1960s;3
633;1960s;12
219;1960s;19
1628;1960s;1
1629;1960s;1
1438;1960s;1
1630;1960s;1
177;1960s;4
19;1960s;6
1127;1960s;1
1631;1960s;1
755;1960s;11
1451;1960s;1
810;1960s;5
303;1960s;6
372;1960s;2
29;1960s;1
1044;1960s;15
1110;1960s;4
900;1960s;10
627;1960s;3
1632;1960s;2
666;1960s;8
1633;1960s;10
759;1960s;5
802;1960s;5
1634;1960s;1
410;1960s;6
1531;1960s;31
313;1960s;20
458;1960s;9
1456;1960s;6
1454;1960s;2
1453;1960s;2
1552;1960s;2
1607;1960s;1
1182;1960s;2
1635;1960s;1
266;1960s;27
1215;1960s;5
8;1960s;4
271;1960s;1
320;1960s;1
966;1960s;52
1636;1960s;1
1587;1960s;2
1637;1960s;1
767;1960s;2
1450;1960s;1
428;1960s;7
1638;1960s;2
979;1960s;4
1067;1960s;2
1066;1960s;11
1405;1960s;4
455;1960s;6
1639;1960s;2
90;1960s;9
1495;1960s;1
468;1960s;2
1640;1960s;1
514;1960s;50
645;1960s;7
1398;1960s;1
1168;1960s;9
875;1960s;2
326;1960s;2
1334;1960s;1
1591;1960s;2
1434;1960s;1
1568;1960s;6
1274;1960s;1
1141;1960s;1
1246;1960s;30
1641;1960s;1
1642;1960s;1
604;1960s;1
1643;1960s;1
824;1960s;7
1534;1960s;11
936;1960s;2
1559;1960s;1
1644;1960s;1
1645;1960s;1
1069;1960s;1
1646;1960s;4
1647;1960s;5
370;1960s;9
1648;1960s;2
1429;1960s;2
1578;1960s;5
805;1960s;2
1649;1960s;2
1650;1960s;1
1651;1960s;1
1529;1960s;3
1652;1960s;1
552;1960s;2
1653;1960s;1
434;1960s;3
1654;1960s;9
1464;1960s;3
932;1960s;1
486;1960s;1
684;1960s;6
408;1960s;1
948;1960s;2
459;1960s;3
393;1960s;7
1573;1960s;1
1655;1960s;1
256;1960s;1
665;1960s;1
1433;1960s;3
1577;1960s;1
713;1960s;1
359;1960s;8
1656;1960s;2
391;1960s;3
1657;1960s;2
1658;1960s;5
302;1960s;2
1659;1960s;2
394;1960s;6
176;1960s;14
168;1960s;21
745;1960s;2
1660;1960s;2
930;1960s;4
257;1960s;5
1574;1960s;1
1661;1960s;2
290;1960s;2
422;1960s;1
654;1960s;1
569;1960s;2
1561;1960s;1
1662;1960s;3
1663;1960s;1
1082;1960s;7
1500;1960s;1
928;1960s;4
1202;1960s;1
1664;1960s;1
998;1960s;1
519;1960s;1
1665;1960s;1
1666;1960s;2
1099;1960s;1
1214;1960s;1
1410;1960s;1
1667;1960s;2
863;1960s;2
1668;1960s;1
1669;1960s;1
1670;1960s;1
1336;1960s;1
1671;1960s;3
1672;1960s;1
1673;1960s;1
1674;1960s;2
1675;1960s;1
1676;1960s;2
1677;1960s;1
1475;1960s;6
1678;1960s;1
1679;1960s;1
1680;1960s;2
1681;1960s;2
1160;1960s;2
1332;1960s;2
1442;1960s;3
1011;1960s;2
1588;1960s;1
1682;1960s;1
4;1960s;1
7;1960s;1
378;1960s;1
1107;1960s;1
1683;1960s;1
225;1960s;1
506;1960s;2
1684;1960s;1
1196;1960s;1
742;1960s;1
149;1960s;1
1685;1960s;1
1686;1960s;1
1057;1960s;1
1409;1960s;2
1501;1960s;2
912;1960s;1
1613;1960s;3
1687;1960s;1
1688;1960s;1
1689;1960s;1
1497;1960s;1
1690;1960s;1
1691;1960s;1
1481;1960s;1
673;1960s;1
1692;1960s;2
1693;1960s;1
64;1960s;4
1694;1960s;1
1589;1960s;1
1695;1960s;1
845;1960s;1
1696;1960s;1
1697;1960s;1
1698;1960s;1
888;1960s;1
1699;1960s;1
1700;1960s;1
265;1960s;1
664;1960s;1
1284;1960s;1
2;1970s;239
38;1970s;105
16;1970s;57
761;1970s;78
318;1970s;47
411;1970s;45
363;1970s;118
15;1970s;103
518;1970s;162
214;1970s;99
1687;1970s;4
167;1970s;149
5;1970s;40
1464;1970s;4
639;1970s;73
893;1970s;43
686;1970s;116
122;1970s;114
6;1970s;199
219;1970s;21
3;1970s;39
1534;1970s;4
348;1970s;16
170;1970s;23
176;1970s;5
1168;1970s;5
409;1970s;103
954;1970s;28
1074;1970s;32
193;1970s;58
1702;1970s;1
368;1970s;60
1379;1970s;39
58;1970s;90
40;1970s;12
1213;1970s;7
1207;1970s;42
76;1970s;67
1658;1970s;2
544;1970s;19
1617;1970s;2
1703;1970s;8
966;1970s;7
428;1970s;2
1075;1970s;17
51;1970s;61
1235;1970s;2
125;1970s;36
1646;1970s;3
1625;1970s;1
805;1970s;5
885;1970s;39
1362;1970s;8
1578;1970s;16
998;1970s;12
1704;1970s;1
459;1970s;2
400;1970s;17
69;1970s;4
39;1970s;29
8;1970s;4
569;1970s;1
228;1970s;12
824;1970s;10
182;1970s;1
393;1970s;4
673;1970s;2
665;1970s;5
285;1970s;6
657;1970s;7
1705;1970s;1
281;1970s;31
862;1970s;6
90;1970s;10
782;1970s;78
1066;1970s;14
514;1970s;16
1332;1970s;5
206;1970s;5
175;1970s;5
142;1970s;11
807;1970s;57
100;1970s;54
633;1970s;15
1706;1970s;4
83;1970s;139
1707;1970s;3
1660;1970s;2
1708;1970s;2
1647;1970s;16
1709;1970s;1
1710;1970s;1
1711;1970s;2
1712;1970s;1
1713;1970s;4
978;1970s;4
713;1970s;2
279;1970s;12
684;1970s;5
1714;1970s;2
1715;1970s;3
1716;1970s;1
458;1970s;18
1717;1970s;3
1718;1970s;1
1651;1970s;3
759;1970s;13
1719;1970s;1
1720;1970s;4
1721;1970s;1
781;1970s;15
191;1970s;13
1722;1970s;1
729;1970s;1
1538;1970s;14
886;1970s;2
737;1970s;19
29;1970s;1
646;1970s;4
236;1970s;7
1654;1970s;9
1723;1970s;1
359;1970s;3
1148;1970s;3
791;1970s;1
802;1970s;6
19;1970s;7
1624;1970s;1
304;1970s;21
1724;1970s;3
313;1970s;40
1529;1970s;41
1442;1970s;3
406;1970s;2
240;1970s;1
1725;1970s;17
1726;1970s;4
1433;1970s;8
319;1970s;5
1727;1970s;1
1649;1970s;4
1728;1970s;2
254;1970s;1
168;1970s;10
85;1970s;4
1729;1970s;1
1633;1970s;2
793;1970s;18
1666;1970s;4
1730;1970s;8
517;1970s;3
1731;1970s;2
810;1970s;9
1083;1970s;1
1500;1970s;1
96;1970s;5
1175;1970s;1
468;1970s;2
1044;1970s;39
1082;1970s;4
311;1970s;1
303;1970s;4
1732;1970s;1
1692;1970s;1
308;1970s;3
967;1970s;1
1733;1970s;2
963;1970s;1
1734;1970s;1
1735;1970s;1
1736;1970s;1
1737;1970s;1
1429;1970s;2
1228;1970s;1
335;1970s;26
1238;1970s;3
1738;1970s;1
1215;1970s;3
645;1970s;2
1392;1970s;1
362;1970s;2
804;1970s;3
128;1970s;4
1604;1970s;5
1739;1970s;2
1099;1970s;2
1740;1970s;1
31;1970s;25
1741;1970s;2
1742;1970s;1
1743;1970s;1
881;1970s;1
506;1970s;1
1069;1970s;1
1577;1970s;1
372;1970s;1
1744;1970s;1
666;1970s;7
1333;1970s;1
1745;1970s;2
927;1970s;6
179;1970s;4
1746;1970s;1
264;1970s;18
220;1970s;7
780;1970s;4
120;1970s;20
1298;1970s;1
928;1970s;1
1042;1970s;5
1747;1970s;1
326;1970s;1
1748;1970s;2
627;1970s;1
1749;1970s;1
1750;1970s;1
1751;1970s;1
410;1970s;2
1752;1970s;1
1753;1970s;1
1754;1970s;1
1755;1970s;1
755;1970s;4
1756;1970s;3
1117;1970s;1
814;1970s;1
1409;1970s;2
1757;1970s;1
1047;1970s;1
381;1970s;1
1435;1970s;1
1053;1970s;2
4;1970s;1
1758;1970s;1
1451;1970s;1
224;1970s;7
1137;1970s;5
905;1970s;35
1759;1970s;1
1760;1970s;2
1761;1970s;1
979;1970s;3
938;1970s;1
394;1970s;1
1177;1970s;7
930;1970s;6
1762;1970s;1
920;1970s;1
1763;1970s;1
1764;1970s;1
1765;1970s;1
1766;1970s;1
1767;1970s;1
1768;1970s;1
1769;1970s;1
439;1970s;2
1401;1970s;6
247;1970s;3
1011;1970s;1
398;1970s;1
259;1970s;1
1770;1970s;6
1771;1970s;1
1772;1970s;1
1773;1970s;1
1439;1970s;1
1774;1970s;1
230;1970s;1
1775;1970s;1
1776;1970s;1
1527;1970s;1
948;1970s;1
1134;1970s;1
1777;1970s;1
1423;1970s;5
1778;1970s;1
1779;1970s;1
1780;1970s;1
1781;1970s;1
1782;1970s;4
1783;1970s;1
1784;1970s;1
1785;1970s;1
1786;1970s;1
1787;1970s;1
1788;1970s;1
1789;1970s;2
1790;1970s;1
1791;1970s;1
463;1970s;1
1792;1970s;1
528;1970s;1
1793;1970s;1
1794;1970s;1
1795;1970s;1
1796;1970s;1
1797;1970s;1
1798;1970s;1
1799;1970s;1
1224;1970s;1
1663;1970s;3
105;1970s;1
1800;1970s;1
1801;1970s;1
1802;1970s;1
1803;1970s;1
519;1970s;5
875;1970s;2
373;1970s;1
174;1970s;2
1804;1970s;1
1805;1970s;1
1806;1970s;1
1807;1970s;1
1808;1970s;1
1809;1970s;1
1810;1970s;1
1283;1970s;4
1094;1970s;1
1811;1970s;1
1812;1970s;2
1246;1970s;2
1318;1970s;2
1813;1970s;2
1814;1970s;2
1189;1970s;2
1815;1970s;2
278;1970s;2
538;1970s;4
389;1970s;2
1816;1970s;4
1817;1970s;2
900;1970s;4
271;1970s;3
513;1970s;1
1818;1970s;2
838;1970s;1
1819;1970s;1
1820;1970s;6
599;1970s;1
1821;1970s;1
217;1970s;4
1822;1970s;1
1823;1970s;1
1106;1970s;2
1309;1970s;1
1824;1970s;1
1825;1970s;1
1826;1970s;3
944;1970s;2
193;1980s;140
1663;1980s;11
2;1980s;212
264;1980s;15
304;1980s;69
518;1980s;101
122;1980s;135
409;1980s;80
313;1980s;42
214;1980s;110
39;1980s;46
1379;1980s;35
363;1980s;88
31;1980s;37
125;1980s;80
6;1980s;235
458;1980s;34
639;1980s;67
120;1980s;71
1213;1980s;2
15;1980s;73
1758;1980s;6
69;1980s;11
1207;1980s;54
807;1980s;28
761;1980s;85
782;1980s;39
1646;1980s;4
23;1980s;6
1828;1980s;22
167;1980s;138
100;1980s;35
1730;1980s;8
348;1980s;28
16;1980s;46
1074;1980s;17
1829;1980s;2
219;1980s;36
170;1980s;24
220;1980s;4
368;1980s;50
1604;1980s;9
38;1980s;53
281;1980s;136
321;1980s;8
893;1980s;30
954;1980s;17
1224;1980s;2
1588;1980s;2
1782;1980s;5
335;1980s;34
1830;1980s;1
759;1980s;9
76;1980s;46
83;1980s;204
51;1980s;33
1831;1980s;2
3;1980s;39
781;1980s;23
1720;1980s;10
1703;1980s;7
1832;1980s;3
657;1980s;9
58;1980s;86
152;1980s;3
1833;1980s;2
1834;1980s;2
40;1980s;10
279;1980s;2
867;1980s;1
824;1980s;8
517;1980s;4
19;1980s;8
318;1980s;45
5;1980s;13
1563;1980s;1
569;1980s;2
1315;1980s;1
1835;1980s;2
1639;1980s;3
8;1980s;2
1836;1980s;1
411;1980s;18
686;1980s;128
810;1980s;7
1529;1980s;5
1075;1980s;16
303;1980s;1
900;1980s;4
191;1980s;32
271;1980s;2
490;1980s;1
1837;1980s;1
142;1980s;18
319;1980s;7
755;1980s;3
966;1980s;21
804;1980s;1
1838;1980s;1
737;1980s;9
885;1980s;11
1839;1980s;2
665;1980s;6
85;1980s;1
1134;1980s;2
1564;1980s;2
1712;1980s;4
1840;1980s;2
370;1980s;9
805;1980s;2
213;1980s;7
544;1980s;30
1725;1980s;16
1578;1980s;7
1841;1980s;1
1633;1980s;14
1617;1980s;12
177;1980s;3
1538;1980s;8
1717;1980s;1
1842;1980s;1
1843;1980s;1
840;1980s;1
1844;1980s;1
1845;1980s;2
1846;1980s;3
128;1980s;8
1330;1980s;1
666;1980s;6
1741;1980s;2
1847;1980s;1
1726;1980s;2
1658;1980s;2
1728;1980s;5
1848;1980s;1
1849;1980s;1
1754;1980s;1
1850;1980s;1
1766;1980s;1
1755;1980s;1
1851;1980s;1
1852;1980s;2
1853;1980s;2
1854;1980s;1
1855;1980s;2
1687;1980s;8
1451;1980s;2
1856;1980s;2
1711;1980s;1
1660;1980s;2
1857;1980s;1
4;1980s;5
1735;1980s;2
1137;1980s;1
1534;1980s;6
1858;1980s;1
674;1980s;1
1042;1980s;2
780;1980s;3
1228;1980s;2
684;1980s;10
1442;1980s;1
961;1980s;2
1859;1980s;1
1823;1980s;3
1860;1980s;1
606;1980s;6
938;1980s;1
17;1980s;1
1861;1980s;1
1862;1980s;1
1483;1980s;1
1863;1980s;2
1505;1980s;1
1864;1980s;1
1865;1980s;1
1750;1980s;1
1866;1980s;2
1867;1980s;1
1868;1980s;1
1869;1980s;2
1870;1980s;1
1871;1980s;1
1872;1980s;1
1873;1980s;1
1874;1980s;1
1666;1980s;1
1875;1980s;1
1876;1980s;2
1877;1980s;3
1878;1980s;3
1879;1980s;1
1667;1980s;1
1880;1980s;1
1881;1980s;1
1882;1980s;2
1883;1980s;1
1884;1980s;1
1885;1980s;1
1886;1980s;1
1651;1980s;1
410;1980s;4
1887;1980s;1
372;1980s;1
433;1980s;1
431;1980s;1
1044;1980s;7
217;1980s;1
394;1980s;7
1177;1980s;3
1888;1980s;1
308;1980s;2
1688;1980s;6
1889;1980s;1
1890;1980s;2
713;1980s;3
1891;1980s;1
290;1980s;3
1459;1980s;1
381;1980s;2
314;1980s;2
1892;1980s;1
1797;1980s;1
1893;1980s;1
1894;1980s;1
468;1980s;1
1895;1980s;2
1896;1980s;3
1897;1980s;3
1898;1980s;1
793;1980s;2
175;1980s;3
979;1980s;10
400;1980s;5
673;1980s;3
1899;1980s;1
1692;1980s;1
231;1980s;1
1900;1980s;1
1901;1980s;1
181;1980s;1
1762;1980s;1
1647;1980s;3
1902;1980s;1
1903;1980s;1
1904;1980s;1
646;1980s;1
1197;1980s;2
259;1980s;1
1613;1980s;1
1905;1980s;1
1906;1980s;1
1907;1980s;1
1908;1980s;1
1909;1980s;1
1706;1980s;1
1650;1980s;1
1910;1980s;1
1911;1980s;1
1912;1980s;2
936;1980s;1
1913;1980s;1
814;1980s;1
1914;1980s;3
1915;1980s;1
1022;1980s;1
393;1980s;4
930;1980s;22
230;1980s;5
1916;1980s;2
1434;1980s;3
978;1980s;1
762;1980s;2
202;1980s;2
1917;1980s;1
1918;1980s;2
1919;1980s;1
99;1980s;1
179;1980s;1
1920;1980s;1
1288;1980s;1
783;1980s;2
1733;1980s;1
469;1980s;1
1921;1980s;1
1922;1980s;4
1923;1980s;2
998;1980s;2
760;1980s;1
1756;1980s;1
1066;1980s;15
1924;1980s;1
1925;1980s;1
1926;1980s;1
455;1980s;1
1927;1980s;1
176;1980s;2
1928;1980s;2
1929;1980s;1
1587;1980s;2
514;1980s;6
1362;1980s;2
1047;1980s;1
373;1980s;1
1930;1980s;2
1799;1980s;2
959;1980s;2
1556;1980s;1
1931;1980s;4
1574;1980s;1
1001;1980s;1
1309;1980s;1
1246;1980s;1
1932;1980s;1
1933;1980s;18
1235;1980s;1
376;1980s;1
391;1980s;1
320;1980s;1
1269;1980s;1
280;1980s;1
1934;1980s;1
729;1980s;1
228;1980s;6
1935;1980s;1
1936;1980s;1
1937;1980s;1
1938;1980s;1
1939;1980s;1
1940;1980s;1
422;1980s;2
471;1980s;6
1781;1980s;1
1941;1980s;1
1942;1980s;1
1943;1980s;1
802;1980s;1
1573;1980s;16
1407;1980s;1
1944;1980s;1
1069;1980s;1
1117;1980s;1
1729;1980s;1
1167;1980s;1
1945;1980s;1
456;1980s;1
767;1980s;2
1789;1980s;1
1946;1980s;1
1947;1980s;1
1948;1980s;1
1949;1980s;1
1950;1980s;1
782;1990s;131
518;1990s;51
6;1990s;244
606;1990s;5
167;1990s;265
363;1990s;49
40;1990s;14
954;1990s;44
214;1990s;122
3;1990s;8
2;1990s;226
51;1990s;47
1728;1990s;2
1074;1990s;13
170;1990s;19
326;1990s;4
468;1990s;14
281;1990s;53
1044;1990s;11
1177;1990s;1
1613;1990s;5
122;1990s;142
1889;1990s;2
193;1990s;95
1207;1990s;116
83;1990s;52
737;1990s;17
409;1990s;80
1075;1990s;13
1952;1990s;1
1464;1990s;1
1857;1990s;2
370;1990s;3
368;1990s;21
125;1990s;47
761;1990s;154
15;1990s;28
805;1990s;4
100;1990s;14
979;1990s;5
1953;1990s;4
285;1990s;3
38;1990s;32
893;1990s;52
1896;1990s;11
411;1990s;33
16;1990s;51
26;1990s;1
39;1990s;13
31;1990s;79
219;1990s;51
824;1990s;13
1556;1990s;2
455;1990s;5
1725;1990s;3
220;1990s;13
1954;1990s;3
1168;1990s;3
686;1990s;132
783;1990s;2
1955;1990s;2
938;1990s;5
1883;1990s;2
930;1990s;54
1758;1990s;3
1799;1990s;5
120;1990s;22
1134;1990s;6
807;1990s;23
1840;1990s;4
1042;1990s;6
814;1990s;2
313;1990s;5
1956;1990s;1
633;1990s;21
76;1990s;9
544;1990s;5
1790;1990s;3
1957;1990s;1
1958;1990s;3
1856;1990s;4
905;1990s;7
224;1990s;4
1360;1990s;1
1246;1990s;8
458;1990s;7
1852;1990s;15
966;1990s;4
176;1990s;44
304;1990s;24
759;1990s;4
639;1990s;22
1917;1990s;2
871;1990s;1
58;1990s;51
780;1990s;8
21;1990s;1
400;1990s;15
269;1990s;1
900;1990s;3
321;1990s;9
1729;1990s;4
666;1990s;14
1663;1990s;4
1066;1990s;3
1959;1990s;1
517;1990s;2
1633;1990s;3
506;1990s;2
5;1990s;15
264;1990s;16
348;1990s;25
319;1990s;9
1960;1990s;1
410;1990s;11
1961;1990s;1
1933;1990s;5
308;1990s;6
33;1990s;1
1962;1990s;3
318;1990s;20
1949;1990s;1
252;1990s;1
1963;1990s;1
1362;1990s;4
1047;1990s;1
1197;1990s;5
142;1990s;8
1864;1990s;4
928;1990s;1
1315;1990s;12
1964;1990s;1
1965;1990s;10
1379;1990s;5
822;1990s;2
673;1990s;3
1800;1990s;2
781;1990s;16
393;1990s;2
17;1990s;4
1429;1990s;1
1882;1990s;2
422;1990s;2
1966;1990s;1
1967;1990s;4
1914;1990s;3
30;1990s;1
19;1990s;1
1401;1990s;1
271;1990s;2
320;1990s;1
1968;1990s;1
191;1990s;18
1969;1990s;1
585;1990s;1
1001;1990s;1
1970;1990s;1
1309;1990s;1
213;1990s;2
335;1990s;3
1330;1990s;1
186;1990s;2
175;1990s;3
810;1990s;3
85;1990s;3
1971;1990s;1
804;1990s;1
1714;1990s;1
1534;1990s;2
866;1990s;1
645;1990s;6
1855;1990s;2
885;1990s;4
948;1990s;33
1972;1990s;7
1973;1990s;1
1974;1990s;3
1975;1990s;2
1106;1990s;3
1976;1990s;1
1977;1990s;1
1978;1990s;3
1979;1990s;1
90;1990s;1
311;1990s;1
1238;1990s;2
463;1990s;1
1980;1990s;2
1588;1990s;17
233;1990s;1
1981;1990s;1
610;1990s;1
1755;1990s;2
755;1990s;2
1982;1990s;1
1983;1990s;1
1649;1990s;1
1984;1990s;1
1905;1990s;1
1099;1990s;1
1985;1990s;1
1986;1990s;1
978;1990s;1
729;1990s;1
1150;1990s;1
742;1990s;4
179;1990s;1
1987;1990s;2
1988;1990s;1
394;1990s;8
1853;1990s;4
1989;1990s;1
1922;1990s;1
1990;1990s;1
1991;1990s;1
1992;1990s;3
1910;1990s;1
279;1990s;3
998;1990s;11
1993;1990s;1
725;1990s;1
228;1990s;2
1860;1990s;3
1034;1990s;1
1994;1990s;3
359;1990s;2
381;1990s;2
1057;1990s;1
1912;1990s;2
1727;1990s;1
1658;1990s;1
1995;1990s;2
1996;1990s;1
802;1990s;2
1460;1990s;2
1997;1990s;4
1927;1990s;2
1998;1990s;2
1574;1990s;5
1999;1990s;2
2000;1990s;2
2001;1990s;6
1196;1990s;10
1187;1990s;1
1224;1990s;4
2002;1990s;3
519;1990s;5
303;1990s;4
1529;1990s;2
1640;1990s;7
428;1990s;1
2003;1990s;2
2004;1990s;1
548;1990s;7
2005;1990s;1
1175;1990s;2
2006;1990s;2
2007;1990s;1
657;1990s;5
1442;1990s;2
1661;1990s;1
2008;1990s;1
2009;1990s;1
2010;1990s;1
2011;1990s;1
1471;1990s;1
2012;1990s;1
2013;1990s;1
1928;1990s;1
262;1990s;1
2014;1990s;30
2015;1990s;4
906;1990s;9
2016;1990s;13
2017;1990s;3
862;1990s;3
2018;1990s;1
1720;1990s;1
245;1990s;1
1213;1990s;3
2019;1990s;1
2020;1990s;2
2021;1990s;2
1448;1990s;1
2022;1990s;1
1190;1990s;1
1650;1990s;1
2023;1990s;1
1745;1990s;2
152;1990s;1
365;1990s;2
793;1990s;1
1906;1990s;1
2024;1990s;1
1669;1990s;1
2025;1990s;1
2026;1990s;2
2027;1990s;1
2028;1990s;2
2029;1990s;2
2030;1990s;4
1248;1990s;4
2031;1990s;4
1316;1990s;2
888;1990s;1
2032;1990s;1
2033;1990s;5
293;1990s;2
2034;1990s;1
1433;1990s;2
1557;1990s;1
69;1990s;2
1789;1990s;4
1409;1990s;3
936;1990s;4
2035;1990s;1
28;1990s;1
2036;1990s;1
380;1990s;1
2037;1990s;5
2038;1990s;1
2039;1990s;1
2040;1990s;3
1940;1990s;13
1148;1990s;4
2041;1990s;2
406;1990s;3
2042;1990s;1
1639;1990s;2
199;1990s;1
2043;1990s;1
2044;1990s;1
1730;1990s;4
1617;1990s;4
2045;1990s;1
414;1990s;1
2046;1990s;1
835;1990s;1
2047;1990s;1
1051;1990s;2
2048;1990s;2
2049;1990s;1
2050;1990s;1
2051;1990s;1
1748;1990s;2
2052;1990s;2
2053;1990s;1
2054;1990s;1
2055;1990s;1
2056;1990s;1
2057;1990s;2
2058;1990s;1
2059;1990s;1
2060;1990s;1
1923;1990s;6
2061;1990s;1
128;1990s;1
920;1990s;1
2062;1990s;1
944;1990s;1
1849;1990s;3
1327;1990s;5
2063;1990s;1
1587;1990s;4
1137;1990s;2
372;1990s;1
1865;1990s;1
149;1990s;1
2064;1990s;2
1733;1990s;2
1741;1990s;2
1747;1990s;21
1194;1990s;1
2065;1990s;3
2066;1990s;1
2067;1990s;1
2068;1990s;1
2069;1990s;1
1538;1990s;1
302;1990s;1
4;1990s;1
1553;1990s;2
1067;1990s;1
1944;1990s;1
257;1990s;1
1656;1990s;1
1069;1990s;1
2070;1990s;1
1770;1990s;1
1620;1990s;1
2071;1990s;1
1828;1990s;1
2072;1990s;1
665;1990s;1
20;1990s;1
1684;1990s;2
2073;1990s;1
292;1990s;1
2074;1990s;1
2075;1990s;1
684;1990s;3
2076;1990s;1
2077;1990s;1
1671;1990s;2
92;1990s;1
259;1990s;1
1888;1990s;19
1734;1990s;1
2078;1990s;1
927;1990s;1
2079;1990s;4
2080;1990s;1
1833;1990s;1
2081;1990s;1
2082;1990s;1
2083;1990s;1
2084;1990s;1
2085;1990s;1
2086;1990s;1
2087;1990s;1
2088;1990s;1
2089;1990s;1
2090;1990s;1
2091;1990s;1
2092;1990s;1
2093;1990s;1
2094;1990s;1
2095;1990s;1
2096;1990s;1
2097;1990s;1
2098;1990s;1
2099;1990s;1
2100;1990s;1
2101;1990s;1
2102;1990s;1
2103;1990s;1
2104;1990s;1
2105;1990s;3
2106;1990s;1
2107;1990s;2
2108;1990s;1
2109;1990s;1
2110;1990s;1
1797;1990s;1
1950;1990s;6
2111;1990s;2
2112;1990s;1
6;2000s;241
16;2000s;115
214;2000s;119
410;2000s;15
1207;2000s;166
1940;2000s;18
1758;2000s;4
170;2000s;45
193;2000s;168
633;2000s;8
370;2000s;8
373;2000s;1
58;2000s;45
15;2000s;53
737;2000s;26
1726;2000s;1
167;2000s;259
518;2000s;122
125;2000s;109
400;2000s;7
5;2000s;36
38;2000s;81
1965;2000s;8
100;2000s;35
348;2000s;95
152;2000s;2
122;2000s;271
83;2000s;111
517;2000s;3
645;2000s;5
1733;2000s;1
228;2000s;22
219;2000s;32
1852;2000s;21
458;2000s;22
686;2000s;250
1999;2000s;1
1688;2000s;3
1640;2000s;7
51;2000s;72
519;2000s;2
76;2000s;223
998;2000s;14
411;2000s;71
2114;2000s;6
930;2000s;48
31;2000s;73
2115;2000s;2
406;2000s;11
2;2000s;260
1069;2000s;4
1075;2000s;26
142;2000s;12
409;2000s;114
673;2000s;15
468;2000s;6
1639;2000s;2
264;2000s;27
2116;2000s;2
2006;2000s;2
304;2000s;30
40;2000s;41
1556;2000s;12
363;2000s;74
893;2000s;72
1983;2000s;1
824;2000s;25
544;2000s;10
1379;2000s;12
2117;2000s;1
368;2000s;62
1864;2000s;10
1888;2000s;2
1917;2000s;2
782;2000s;97
2118;2000s;3
2119;2000s;3
2120;2000s;1
944;2000s;2
120;2000s;54
2079;2000s;8
1579;2000s;1
281;2000s;28
948;2000s;5
2096;2000s;1
319;2000s;7
1896;2000s;4
1148;2000s;9
2121;2000s;2
128;2000s;13
2122;2000s;1
1730;2000s;6
175;2000s;18
1937;2000s;6
362;2000s;8
639;2000s;66
2123;2000s;2
885;2000s;17
3;2000s;25
761;2000s;65
954;2000s;32
1819;2000s;1
979;2000s;7
1057;2000s;3
365;2000s;1
1633;2000s;6
2105;2000s;10
1328;2000s;1
2124;2000s;1
2055;2000s;1
2056;2000s;3
2057;2000s;4
2058;2000s;1
2059;2000s;1
2125;2000s;1
2126;2000s;2
1248;2000s;3
2030;2000s;2
2029;2000s;1
2031;2000s;3
2127;2000s;2
2103;2000s;1
2104;2000s;1
548;2000s;2
285;2000s;17
1617;2000s;6
2128;2000s;1
2129;2000s;1
1890;2000s;5
313;2000s;51
318;2000s;76
1735;2000s;1
2130;2000s;1
1712;2000s;4
482;2000s;1
1672;2000s;1
1245;2000s;1
2131;2000s;1
2132;2000s;1
2133;2000s;1
1995;2000s;3
393;2000s;10
39;2000s;48
2134;2000s;1
1134;2000s;1
2014;2000s;13
992;2000s;1
335;2000s;15
1197;2000s;14
176;2000s;15
783;2000s;1
1066;2000s;5
781;2000s;10
191;2000s;103
303;2000s;5
966;2000s;4
810;2000s;6
41;2000s;1
807;2000s;27
2135;2000s;1
2136;2000s;2
2137;2000s;5
1407;2000s;7
296;2000s;3
2138;2000s;1
1671;2000s;3
784;2000s;1
2033;2000s;1
292;2000s;1
1246;2000s;10
2004;2000s;2
1729;2000s;3
69;2000s;13
804;2000s;5
380;2000s;1
1460;2000s;2
2139;2000s;1
1906;2000s;2
1433;2000s;1
1849;2000s;6
938;2000s;2
2140;2000s;2
2141;2000s;1
2142;2000s;1
2143;2000s;1
2144;2000s;1
2145;2000s;1
2146;2000s;1
2147;2000s;1
2148;2000s;1
2149;2000s;1
1224;2000s;1
759;2000s;5
1658;2000s;2
2097;2000s;4
209;2000s;2
2150;2000s;1
793;2000s;1
1578;2000s;10
1196;2000s;4
1853;2000s;4
2069;2000s;12
802;2000s;6
279;2000s;14
1534;2000s;6
2151;2000s;3
1202;2000s;1
2152;2000s;1
760;2000s;7
1828;2000s;16
2153;2000s;1
859;2000s;7
2072;2000s;4
1926;2000s;1
1725;2000s;1
1031;2000s;1
1647;2000s;11
2154;2000s;1
668;2000s;1
2155;2000s;1
1316;2000s;5
2032;2000s;3
224;2000s;1
2156;2000s;1
2157;2000s;1
2158;2000s;1
2159;2000s;2
2160;2000s;1
1620;2000s;1
1315;2000s;8
293;2000s;6
181;2000s;1
256;2000s;6
2161;2000s;1
2061;2000s;2
2100;2000s;2
2162;2000s;1
213;2000s;27
514;2000s;9
308;2000s;5
2066;2000s;2
1663;2000s;8
805;2000s;3
455;2000s;1
1912;2000s;49
780;2000s;8
1915;2000s;1
2163;2000s;1
684;2000s;2
765;2000s;1
321;2000s;3
2164;2000s;2
1538;2000s;16
2165;2000s;2
610;2000s;4
1611;2000s;1
2166;2000s;1
1649;2000s;2
1099;2000s;1
1734;2000s;1
1442;2000s;5
1094;2000s;2
1044;2000s;10
266;2000s;10
928;2000s;1
1220;2000s;3
1168;2000s;4
1362;2000s;12
1948;2000s;8
2167;2000s;1
2168;2000s;1
1770;2000s;2
599;2000s;1
1745;2000s;2
2064;2000s;23
2169;2000s;1
2170;2000s;2
2171;2000s;2
755;2000s;5
2172;2000s;1
1910;2000s;2
1558;2000s;1
17;2000s;3
2173;2000s;1
2174;2000s;10
2106;2000s;2
1748;2000s;1
666;2000s;6
1188;2000s;2
1369;2000s;1
2175;2000s;4
1187;2000s;1
2176;2000s;1
1478;2000s;1
2177;2000s;1
2178;2000s;1
2179;2000s;1
2180;2000s;1
2181;2000s;1
1435;2000s;1
2182;2000s;1
606;2000s;1
359;2000s;10
2183;2000s;1
236;2000s;4
220;2000s;5
2184;2000s;1
2185;2000s;1
2186;2000s;3
814;2000s;2
2017;2000s;1
2187;2000s;2
2188;2000s;1
2189;2000s;3
2190;2000s;1
2191;2000s;1
2192;2000s;1
2193;2000s;4
2194;2000s;2
2195;2000s;1
916;2000s;3
431;2000s;1
2196;2000s;1
2197;2000s;1
2003;2000s;1
2198;2000s;2
2199;2000s;1
2200;2000s;3
2201;2000s;2
2202;2000s;1
2203;2000s;1
2204;2000s;1
2205;2000s;1
829;2000s;1
2206;2000s;1
1073;2000s;3
1401;2000s;4
320;2000s;6
569;2000s;1
2207;2000s;1
1047;2000s;1
434;2000s;5
506;2000s;5
1720;2000s;1
2208;2000s;2
2209;2000s;1
2210;2000s;2
2211;2000s;1
2212;2000s;1
2213;2000s;2
2214;2000s;1
762;2000s;1
1933;2000s;2
1087;2000s;16
2215;2000s;1
2216;2000s;1
2217;2000s;1
2218;2000s;1
2219;2000s;1
2220;2000s;1
2221;2000s;1
2222;2000s;1
2223;2000s;1
1238;2000s;21
1543;2000s;4
1797;2000s;58
2224;2000s;4
1001;2000s;1
2225;2000s;2
2226;2000s;2
2227;2000s;3
2228;2000s;1
2229;2000s;1
2230;2000s;1
2231;2000s;1
2232;2000s;1
2233;2000s;1
179;2000s;4
2234;2000s;1
2235;2000s;1
257;2000s;1
2236;2000s;1
433;2000s;1
674;2000s;1
1531;2000s;7
932;2000s;13
2237;2000s;1
1194;2000s;1
1393;2000s;1
2238;2000s;2
1190;2000s;1
2239;2000s;1
2240;2000s;1
2241;2000s;1
2242;2000s;1
1922;2000s;7
1823;2000s;1
1042;2000s;4
2243;2000s;1
233;2000s;2
2037;2000s;3
439;2000s;1
2244;2000s;2
2245;2000s;1
2246;2000s;1
1989;2000s;1
456;2000s;1
168;2000s;2
2247;2000s;1
1992;2000s;2
2248;2000s;1
302;2000s;1
372;2000s;1
1687;2000s;21
29;2000s;4
2249;2000s;1
2250;2000s;1
217;2000s;1
2251;2000s;1
2252;2000s;2
1195;2000s;1
1546;2000s;1
2253;2000s;1
2254;2000s;1
2255;2000s;2
2256;2000s;2
2257;2000s;3
1106;2000s;3
1741;2000s;2
2258;2000s;2
2259;2000s;1
2260;2000s;3
2261;2000s;4
2262;2000s;3
905;2000s;5
509;2000s;4
2263;2000s;3
2264;2000s;2
2265;2000s;1
1703;2000s;1
2266;2000s;1
2267;2000s;1
394;2000s;4
1624;2000s;1
2268;2000s;3
2269;2000s;2
2270;2000s;3
2271;2000s;3
2272;2000s;3
1848;2000s;1
1660;2000s;1
2273;2000s;1
2274;2000s;1
2275;2000s;1
2276;2000s;1
2277;2000s;1
2278;2000s;2
1829;2000s;4
1794;2000s;1
2279;2000s;2
2280;2000s;7
2281;2000s;1
2282;2000s;1
2283;2000s;1
177;2000s;3
2284;2000s;1
2285;2000s;1
2286;2000s;3
2016;2000s;1
2287;2000s;1
2288;2000s;2
2289;2000s;6
2290;2000s;2
2291;2000s;2
2292;2000s;2
1604;2000s;1
1855;2000s;2
574;2000s;1
1298;2000s;1
2293;2000s;1
2294;2000s;1
657;2000s;1
2295;2000s;1
1971;2000s;1
2296;2000s;1
2040;2000s;1
2297;2000s;1
862;2000s;1
2298;2000s;1
420;2000s;1
2299;2000s;1
1684;2000s;3
2300;2000s;1
1810;2000s;1
2301;2000s;1
1882;2000s;2
378;2000s;1
2302;2000s;1
2303;2000s;2
2304;2000s;2
2305;2000s;2
2306;2000s;2
2307;2000s;1
2308;2000s;2
2309;2000s;1
2310;2000s;1
2311;2000s;1
2312;2000s;1
2313;2000s;8
2314;2000s;1
2315;2000s;1
1941;2000s;1
2316;2000s;1
1175;2000s;7
1574;2000s;2
2317;2000s;1
2318;2000s;1
1814;2000s;1
2319;2000s;1
2320;2000s;2
2321;2000s;1
121;2000s;1
472;2000s;2
8;2000s;1
2322;2000s;1
418;2000s;1
280;2000s;1
2323;2000s;10
2324;2000s;1
2044;2000s;14
2325;2000s;1
2326;2000s;1
2327;2000s;1
2328;2000s;1
2329;2000s;1
2330;2000s;1
2331;2000s;1
2332;2000s;1
1524;2000s;2
2333;2000s;2
2081;2000s;2
2082;2000s;1
2086;2000s;1
2095;2000s;1
2334;2000s;1
1967;2000s;2
2335;2000s;1
2336;2000s;1
2337;2000s;1
2338;2000s;1
2339;2000s;1
2340;2000s;1
2341;2000s;1
298;2000s;3
1929;2000s;1
1453;2000s;1
2342;2000s;1
2343;2000s;1
2344;2000s;2
2345;2000s;2
2346;2000s;1
2347;2000s;1
1993;2000s;1
381;2000s;1
85;2000s;1
2348;2000s;1
2349;2000s;1
2350;2000s;1
2351;2000s;1
2352;2000s;1
2353;2000s;1
2354;2000s;1
2355;2000s;1
2356;2000s;1
2357;2000s;1
2358;2000s;2
290;2000s;2
19;2000s;2
391;2000s;4
326;2000s;4
2359;2000s;1
2360;2000s;1
2361;2000s;1
1189;2000s;1
2362;2000s;1
2363;2000s;1
120;2010s;43
2105;2010s;6
214;2010s;94
781;2010s;15
16;2010s;88
1556;2010s;4
363;2010s;94
610;2010s;4
167;2010s;319
368;2010s;83
348;2010s;95
2044;2010s;22
2365;2010s;1
152;2010s;4
193;2010s;152
1379;2010s;3
122;2010s;168
373;2010s;3
1207;2010s;194
83;2010s;42
2;2010s;263
40;2010s;23
125;2010s;177
1852;2010s;26
2366;2010s;1
2367;2010s;1
673;2010s;10
6;2010s;213
2106;2010s;4
2368;2010s;4
175;2010s;18
518;2010s;69
15;2010s;34
2064;2010s;25
76;2010s;81
303;2010s;4
168;2010s;3
458;2010s;18
2369;2010s;2
264;2010s;20
665;2010s;3
2370;2010s;4
3;2010s;5
2371;2010s;2
31;2010s;101
2057;2010s;48
2299;2010s;1
2372;2010s;1
1316;2010s;4
2049;2010s;6
734;2010s;1
2373;2010s;1
2374;2010s;1
2125;2010s;1
916;2010s;2
1238;2010s;52
1315;2010s;28
2137;2010s;4
2004;2010s;2
293;2010s;9
1407;2010s;11
2375;2010s;2
2376;2010s;4
409;2010s;99
2065;2010s;8
2377;2010s;4
51;2010s;44
58;2010s;90
1922;2010s;1
1075;2010s;40
603;2010s;1
506;2010s;3
1633;2010s;27
2378;2010s;1
2379;2010s;1
2380;2010s;1
2381;2010s;1
2382;2010s;1
2383;2010s;1
2384;2010s;1
2385;2010s;1
2386;2010s;3
824;2010s;10
2387;2010s;1
2388;2010s;6
1175;2010s;47
2389;2010s;1
1248;2010s;14
2390;2010s;1
2391;2010s;1
2392;2010s;1
1543;2010s;6
2393;2010s;1
2394;2010s;1
2056;2010s;16
2395;2010s;1
394;2010s;11
411;2010s;77
2041;2010s;1
176;2010s;33
893;2010s;49
273;2010s;1
1471;2010s;1
281;2010s;31
1044;2010s;5
737;2010s;15
1269;2010s;1
2396;2010s;1
285;2010s;4
1890;2010s;3
948;2010s;8
2397;2010s;1
992;2010s;2
2398;2010s;1
805;2010s;2
1647;2010s;29
639;2010s;95
1912;2010s;40
1658;2010s;4
905;2010s;23
2399;2010s;1
686;2010s;155
1888;2010s;4
544;2010s;9
782;2010s;112
2400;2010s;1
2353;2010s;1
2328;2010s;1
1730;2010s;4
2401;2010s;2
2402;2010s;4
2403;2010s;1
1629;2010s;3
2404;2010s;1
2405;2010s;2
2406;2010s;7
2407;2010s;1
199;2010s;1
1797;2010s;32
2180;2010s;4
1393;2010s;1
2178;2010s;1
2179;2010s;2
170;2010s;27
100;2010s;27
1362;2010s;11
930;2010s;14
954;2010s;29
335;2010s;10
2295;2010s;1
219;2010s;20
191;2010s;20
1640;2010s;1
213;2010s;12
804;2010s;2
2171;2010s;1
2408;2010s;3
318;2010s;26
966;2010s;3
5;2010s;26
810;2010s;12
1148;2010s;8
279;2010s;9
1531;2010s;25
2409;2010s;14
761;2010s;67
313;2010s;53
2410;2010s;7
2069;2010s;11
38;2010s;43
304;2010s;34
1663;2010s;10
39;2010s;9
376;2010s;1
953;2010s;1
1442;2010s;3
1001;2010s;1
1330;2010s;1
1558;2010s;12
2099;2010s;9
2411;2010s;2
2412;2010s;1
2413;2010s;1
2414;2010s;2
885;2010s;3
372;2010s;3
2346;2010s;3
2175;2010s;7
713;2010s;1
2297;2010s;2
35;2010s;2
1195;2010s;1
468;2010s;11
1087;2010s;15
1369;2010s;2
406;2010s;6
2252;2010s;6
2415;2010s;10
1574;2010s;2
2247;2010s;2
2416;2010s;1
2417;2010s;1
2418;2010s;1
2419;2010s;1
2420;2010s;1
2421;2010s;1
2422;2010s;1
2423;2010s;2
2424;2010s;1
2425;2010s;1
1882;2010s;2
224;2010s;3
2160;2010s;1
433;2010s;2
1246;2010s;12
2030;2010s;4
2426;2010s;6
2239;2010s;1
1620;2010s;3
2031;2010s;3
2427;2010s;4
2428;2010s;5
2357;2010s;4
259;2010s;1
2153;2010s;1
266;2010s;12
1723;2010s;9
2429;2010s;1
2430;2010s;3
2431;2010s;1
2432;2010s;1
814;2010s;5
308;2010s;7
2014;2010s;16
2280;2010s;8
1735;2010s;1
1639;2010s;1
1896;2010s;3
400;2010s;13
802;2010s;9
2433;2010s;2
1298;2010s;1
85;2010s;2
1849;2010s;2
2434;2010s;1
1829;2010s;4
393;2010s;11
2435;2010s;1
2436;2010s;2
2437;2010s;1
2438;2010s;1
2439;2010s;3
938;2010s;1
2440;2010s;1
2441;2010s;2
2442;2010s;1
2443;2010s;1
1613;2010s;4
177;2010s;4
1538;2010s;4
2444;2010s;3
1604;2010s;9
319;2010s;5
2445;2010s;1
2446;2010s;1
2050;2010s;1
69;2010s;13
2447;2010s;1
365;2010s;4
998;2010s;7
1703;2010s;1
807;2010s;15
2448;2010s;2
2183;2010s;2
2449;2010s;2
2291;2010s;2
633;2010s;22
2114;2010s;1
1196;2010s;1
1770;2010s;7
1042;2010s;1
2288;2010s;8
2450;2010s;1
391;2010s;1
2451;2010s;1
2452;2010s;1
2453;2010s;2
2454;2010s;1
652;2010s;1
2455;2010s;1
2456;2010s;2
2457;2010s;1
2458;2010s;4
1808;2010s;1
2459;2010s;1
220;2010s;5
2460;2010s;1
2461;2010s;1
2462;2010s;2
2152;2010s;4
2463;2010s;1
2126;2010s;3
2464;2010s;7
2465;2010s;6
2466;2010s;2
1725;2010s;5
768;2010s;4
142;2010s;6
1224;2010s;1
2215;2010s;2
1617;2010s;2
2079;2010s;4
2467;2010s;1
2468;2010s;1
2469;2010s;1
2470;2010s;1
2471;2010s;1
1864;2010s;42
2472;2010s;1
606;2010s;3
1937;2010s;1
2172;2010s;2
2254;2010s;1
2256;2010s;3
2473;2010s;2
2474;2010s;5
1906;2010s;4
2475;2010s;3
2476;2010s;5
1066;2010s;2
2477;2010s;2
1810;2010s;2
2478;2010s;1
1557;2010s;1
2479;2010s;1
1649;2010s;5
2480;2010s;3
1889;2010s;2
23;2010s;6
2481;2010s;2
2482;2010s;3
2483;2010s;3
2484;2010s;1
2485;2010s;1
2486;2010s;1
2487;2010s;1
2488;2010s;2
2489;2010s;3
2490;2010s;1
2491;2010s;2
932;2010s;4
509;2010s;1
2492;2010s;1
1464;2010s;1
410;2010s;4
979;2010s;6
2493;2010s;1
2494;2010s;2
2495;2010s;2
514;2010s;8
269;2010s;3
684;2010s;5
2292;2010s;1
2189;2010s;10
2496;2010s;5
2497;2010s;1
2498;2010s;1
2360;2010s;1
2499;2010s;1
2500;2010s;1
1168;2010s;1
2072;2010s;1
2077;2010s;1
2501;2010s;1
2502;2010s;4
859;2010s;1
2503;2010s;1
2504;2010s;2
2505;2010s;3
2506;2010s;2
2190;2010s;3
1261;2010s;4
908;2010s;20
128;2010s;4
2507;2010s;2
2151;2010s;5
2037;2010s;11
2066;2010s;1
2244;2010s;42
780;2010s;10
2061;2010s;1
1910;2010s;1
2508;2010s;1
1328;2010s;1
2509;2010s;1
2510;2010s;1
2511;2010s;2
2512;2010s;2
311;2010s;1
2513;2010s;1
2514;2010s;1
2515;2010s;1
2516;2010s;1
2517;2010s;3
2518;2010s;1
2519;2010s;1
2520;2010s;1
2521;2010s;1
2522;2010s;2
2339;2010s;3
1106;2010s;1
323;2010s;1
186;2010s;1
2523;2010s;3
2524;2010s;4
2525;2010s;2
2526;2010s;2
2527;2010s;3
2528;2010s;2
2529;2010s;5
2530;2010s;2
2531;2010s;2
2532;2010s;2
2533;2010s;1
2534;2010s;1
2535;2010s;1
2536;2010s;1
2537;2010s;3
1137;2010s;4
20;2010s;3
298;2010s;4
2538;2010s;16
2176;2010s;2
2539;2010s;1
2540;2010s;1
2541;2010s;2
2542;2010s;4
2543;2010s;1
2248;2010s;1
666;2010s;5
528;2010s;1
2544;2010s;1
2545;2010s;3
2546;2010s;2
2547;2010s;1
2548;2010s;1
2549;2010s;1
2550;2010s;1
2551;2010s;1
2552;2010s;1
2553;2010s;5
2554;2010s;2
2555;2010s;1
2556;2010s;1
2557;2010s;1
2558;2010s;1
2220;2010s;1
2559;2010s;1
2296;2010s;1
2265;2010s;1
2560;2010s;1
2561;2010s;1
2562;2010s;2
2563;2010s;2
2258;2010s;5
2564;2010s;1
2194;2010s;2
1929;2010s;4
2565;2010s;1
2566;2010s;3
2567;2010s;2
2568;2010s;1
2569;2010s;1
2570;2010s;1
2571;2010s;1
2572;2010s;4
2573;2010s;1
2574;2010s;2
2575;2010s;1
2576;2010s;1
2577;2010s;2
2578;2010s;1
2579;2010s;1
2580;2010s;1
1687;2010s;19
1650;2010s;1
2581;2010s;4
2345;2010s;3
2582;2010s;1
2583;2010s;1
2584;2010s;1
2585;2010s;1
2586;2010s;1
2587;2010s;1
2588;2010s;2
2131;2010s;1
2589;2010s;1
2590;2010s;1
1940;2010s;2
1823;2010s;1
2333;2010s;1
228;2010s;8
1660;2010s;3
928;2010s;1
1294;2010s;2
2240;2010s;2
1992;2010s;2
2287;2010s;4
2591;2010s;2
2592;2010s;2
2593;2010s;3
2594;2010s;1
2595;2010s;1
2596;2010s;1
456;2010s;1
2597;2010s;5
2598;2010s;1
2599;2010s;3
2600;2010s;7
2601;2010s;1
672;2010s;7
963;2010s;1
760;2010s;3
2255;2010s;10
2602;2010s;1
2603;2010s;1
2032;2010s;2
482;2010s;13
2358;2010s;2
256;2010s;5
2604;2010s;2
1840;2010s;1
1828;2010s;1
2605;2010s;1
2606;2010s;2
2607;2010s;1
2608;2010s;1
1645;2010s;2
2313;2010s;1
2017;2010s;1
1089;2010s;1
2609;2010s;2
2610;2010s;2
2611;2010s;2
2612;2010s;2
2613;2010s;5
2614;2010s;1
2615;2010s;3
2616;2010s;1
2617;2010s;4
2618;2010s;3
2619;2010s;3
2620;2010s;2
2621;2010s;2
1691;2010s;2
2622;2010s;1
2097;2010s;7
2623;2010s;1
762;2010s;2
1004;2010s;1
179;2010s;4
359;2010s;1
759;2010s;1
2624;2010s;1
1067;2010s;1
2625;2010s;1
2626;2010s;1
2627;2010s;1
1187;2010s;2
2628;2010s;4
2629;2010s;10
2630;2010s;15
2631;2010s;1
2632;2010s;3
1074;2010s;1
2067;2010s;1
2633;2010s;1
822;2010s;2
755;2010s;1
17;2010s;1
2634;2010s;2
321;2010s;3
2635;2010s;1
1669;2010s;3
2636;2010s;1
569;2010s;11
2637;2010s;3
2638;2010s;4
2639;2010s;1
2640;2010s;1
2641;2010s;1
2642;2010s;1
1707;2010s;1
2643;2010s;3
2033;2010s;1
2261;2010s;1
1193;2010s;1
2644;2010s;3
2645;2010s;1
2646;2010s;1
2647;2010s;1
2648;2010s;1
2649;2010s;1
2650;2010s;5
2651;2010s;1
2002;2010s;2
1684;2010s;1
2652;2010s;1
2653;2010s;1
2654;2010s;1
2655;2010s;1
431;2010s;1
2656;2010s;1
2300;2010s;1
2657;2010s;1
2658;2010s;2
2659;2010s;2
2660;2010s;3
2661;2010s;3
2662;2010s;3
2663;2010s;3
2664;2010s;2
2665;2010s;1
1762;2010s;1
1916;2010s;1
2666;2010s;2
1933;2010s;1
2667;2010s;1
2668;2010s;1
2669;2010s;1
645;2010s;2
584;2010s;1
1139;2010s;1
2670;2010s;2
326;2010s;1
1189;2010s;3
2671;2010s;1
1546;2010s;1
2672;2010s;1
2191;2010s;1
2673;2010s;2
2674;2010s;1
2675;2010s;1
2676;2010s;1
1176;2010s;1
4;2010s;1
2677;2010s;2
1995;2010s;4
2678;2010s;1
2259;2010s;2
2679;2010s;2
2680;2010s;1
2681;2010s;1
2682;2010s;1
2683;2010s;1
2684;2010s;1
2685;2010s;4
1853;2010s;2
2686;2010s;2
1954;2010s;6
1879;2010s;1
2687;2010s;1
2688;2010s;1
2689;2010s;1
2690;2010s;2
1948;2010s;1
2691;2010s;1
2692;2010s;2
2693;2010s;3
2694;2010s;1
2695;2010s;1
2696;2010s;1
2697;2010s;1
2698;2010s;1
2699;2010s;1
2700;2010s;1
2062;2010s;2
2701;2010s;1
2702;2010s;1
2703;2010s;1
2704;2010s;1
2705;2010s;1
2706;2010s;1
2707;2010s;2
2708;2010s;1
2709;2010s;1
2710;2010s;1
2711;2010s;2
2712;2010s;1
2713;2010s;1
2714;2010s;1
2715;2010s;1
2716;2010s;1
2717;2010s;1
2718;2010s;1
2719;2010s;1
2720;2010s;1
2721;2010s;1
2722;2010s;1
2723;2010s;4
2724;2010s;1
2725;2010s;1
2726;2010s;1
2727;2010s;1
2728;2010s;1
2729;2010s;1
2730;2010s;5
2731;2010s;6
2347;2010s;8
2732;2010s;4
2733;2010s;4
2734;2010s;1
2735;2010s;1
2736;2010s;1
2737;2010s;1
2738;2010s;1
2739;2010s;1
2740;2010s;1
2741;2010s;1
2742;2010s;1
2743;2010s;1
2744;2010s;1
2745;2010s;1
2746;2010s;1
2747;2010s;1
2748;2010s;1
2749;2010s;1
2750;2010s;1
2751;2010s;1
2752;2010s;1
2753;2010s;1
2754;2010s;1
2755;2010s;1
2756;2010s;1
2757;2010s;1
2758;2010s;1
2759;2010s;1
2760;2010s;1
1926;2010s;1
2761;2010s;1
2762;2010s;1
2763;2010s;1
2764;2010s;4
2765;2010s;1
2766;2010s;1
1729;2010s;5
2767;2010s;1
2768;2010s;1
2769;2010s;1
2770;2010s;1
2771;2010s;5
2772;2010s;1
2773;2010s;1
2774;2010s;3
2775;2010s;1
1832;2010s;3
1986;2010s;1
2776;2010s;1
422;2010s;1
2777;2010s;2
1057;2010s;2
240;2010s;1
2778;2010s;1
2779;2010s;2
2289;2010s;1
2780;2010s;1
1599;2010s;2
2781;2010s;2
2782;2010s;2
54;2010s;1
2170;2010s;1
2783;2010s;3
2784;2010s;3
2785;2010s;4
2786;2010s;2
2787;2010s;3
2788;2010s;2
2789;2010s;1
2790;2010s;1
2791;2010s;1
2792;2010s;1
2793;2010s;1
548;2010s;2
2794;2010s;1
2795;2010s;1
1197;2010s;2
2317;2010s;1
296;2010s;3
1993;2010s;1
1835;2010s;1
2796;2010s;1
2797;2010s;1
1799;2010s;2
2798;2010s;2
1429;2010s;1
2799;2010s;6
2800;2010s;4
2801;2010s;1
2802;2010s;1
2803;2010s;1
2804;2010s;2
2805;2010s;1
2806;2010s;1
2267;2010s;11
2193;2010s;1
1439;2010s;1
1262;2010s;1
1272;2010s;1
2807;2010s;1
181;2010s;1
2808;2010s;1
2809;2010s;1
2810;2010s;1
2811;2010s;1
1009;2010s;2
2159;2010s;1
2812;2010s;1
2813;2010s;1
2814;2010s;1
2815;2010s;1
927;2010s;5
2816;2010s;2
2817;2010s;3
2818;2010s;3
2819;2010s;4
2820;2010s;1
2821;2010s;2
450;2010s;1
2822;2010s;1
2823;2010s;1
2824;2010s;1
2825;2010s;1
2826;2010s;1
469;2010s;3
2827;2010s;1
2828;2010s;1
2829;2010s;1
2830;2010s;1
2831;2010s;1
2832;2010s;1
1782;2010s;1
2833;2010s;1
2834;2010s;1
1909;2010s;8
2835;2010s;1
2836;2010s;1
2837;2010s;2
2838;2010s;1
770;2010s;1
204;2010s;1
2839;2010s;1
2840;2010s;1
2841;2010s;1
900;2010s;1
1194;2010s;1
2842;2010s;3
2843;2010s;1
2844;2010s;2
2845;2010s;1
2846;2010s;1
2847;2010s;2
2848;2010s;1
2849;2010s;1
1976;2010s;1
2850;2010s;3
767;2010s;1
455;2010s;1
2851;2010s;2
2852;2010s;4
2853;2010s;1
1958;2010s;4
2854;2010s;4
2855;2010s;2
2856;2010s;2
2857;2010s;2
2858;2010s;1
2285;2010s;1
2155;2010s;1
2859;2010s;1
2860;2010s;1
1220;2010s;1
2363;2010s;1
2861;2010s;2
2862;2010s;1
2863;2010s;1
2864;2010s;1
2865;2010s;1
2866;2010s;1
1712;2010s;5
2867;2010s;1
1299;2010s;1
2868;2010s;1
1474;2010s;1
1750;2010s;1
2869;2010s;2
1094;2010s;1
2870;2010s;1
2871;2010s;1
2872;2010s;1
2873;2010s;4
2874;2010s;3
517;2010s;3
862;2010s;1
2875;2010s;1
2876;2010s;1
2877;2010s;2
2150;2010s;1
2878;2010s;1
2879;2010s;1
2880;2010s;1
2881;2010s;1
1981;2010s;1
2882;2010s;1
2883;2010s;1
1989;2010s;1
2884;2010s;1
2885;2010s;1
2886;2010s;1
2887;2010s;1
2888;2010s;1
1134;2010s;1
2889;2010s;1
1877;2010s;1
1720;2010s;1
2890;2010s;1
2891;2010s;1
2892;2010s;1
2893;2010s;1
2894;2010s;2
2895;2010s;3
2896;2010s;1
2897;2010s;1
2898;2010s;1
2899;2010s;1
2900;2010s;1
2901;2010s;1
6;2020s;11
958;2020s;1
2903;2020s;1
303;2020s;7
2904;2020s;1
1207;2020s;16
1783;2020s;2
2905;2020s;1
2875;2020s;5
782;2020s;10
2037;2020s;2
802;2020s;2
2906;2020s;1
2457;2020s;1
76;2020s;4
2907;2020s;1
2908;2020s;2
979;2020s;1
2909;2020s;1
639;2020s;1
2038;2020s;1
2910;2020s;2
15;2020s;6
2911;2020s;2
761;2020s;10
2;2020s;11
323;2020s;2
2899;2020s;2
2912;2020s;2
2672;2020s;2
125;2020s;9
128;2020s;1
686;2020s;3
170;2020s;1
318;2020s;2
384;2020s;1
2913;2020s;1
264;2020s;3
1407;2020s;3
482;2020s;3
31;2020s;10
2032;2020s;1
293;2020s;2
1315;2020s;2
214;2020s;2
1126;2020s;4
807;2020s;1
927;2020s;1
2914;2020s;1
2780;2020s;1
219;2020s;1
2915;2020s;1
2100;2020s;2
998;2020s;3
167;2020s;3
1782;2020s;5
893;2020s;3
2764;2020s;1
348;2020s;1
2680;2020s;1
2916;2020s;3
2917;2020s;11
2918;2020s;2
199;2020s;11
1647;2020s;2
2239;2020s;2
2919;2020s;1
930;2020s;1
2920;2020s;3
2562;2020s;1
954;2020s;1
2415;2020s;1
2921;2020s;3
2922;2020s;1
2923;2020s;3
2705;2020s;1
2924;2020s;1
2925;2020s;1
363;2020s;1
2901;2020s;2
58;2020s;1
2926;2020s;2
2837;2020s;2
2804;2020s;2
2812;2020s;2
2193;2020s;1
193;2020s;7
2267;2020s;1
2927;2020s;2
2928;2020s;1
518;2020s;3
1117;2020s;1
1713;2020s;2
2929;2020s;1
120;2020s;2
2191;2020s;1
1659;2020s;1
409;2020s;1
1778;2020s;1
122;2020s;6
1238;2020s;2
1797;2020s;1
1175;2020s;1
1531;2020s;1
1330;2020s;1
335;2020s;1
2930;2020s;1
2931;2020s;1
2932;2020s;1
2933;2020s;1
2934;2020s;1
2935;2020s;1
2936;2020s;1
2937;2020s;3
2938;2020s;3
2939;2020s;3
2940;2020s;3
40;2020s;1
368;2020s;1
2900;2020s;1
2941;2020s;1
2942;2020s;1
1788;2020s;1
186;2020s;1
51;2020s;1
2599;2020s;1
1883;2020s;1
1852;2020s;1
885;2020s;1
2505;2020s;1
2844;2020s;1
142;2020s;1
281;2020s;1
1840;2020s;1
519;2020s;1
2943;2020s;1
2299;2020s;1
516;2020s;1
2255;2020s;1
2944;2020s;1
2945;2020s;1
2841;2020s;1
2030;2020s;1
